Year,Month,Day,Tmin,Tmax
2015,1,1,-0.48,6.04
2015,1,2,-0.96,5.6
2015,1,3,-0.33,6.25
2015,1,4,-0.26,6.35
2015,1,5,-1.26,5.37
2015,1,6,-1.03,5.63
2015,1,7,-0.51,6.17
2015,1,8,-0.66,6.05
2015,1,9,-0.54,6.19
2015,1,10,-0.81,5.95
2015,1,11,-0.19,6.6
2015,1,12,-0.2,6.61
2015,1,13,-0.42,6.41
2015,1,14,-0.02,6.83
2015,1,15,-0.23,6.66
2015,1,16,-0.66,6.25
2015,1,17,-0.19,6.74
2015,1,18,-0.62,6.33
2015,1,19,0.06,7.04
2015,1,20,-0.23,6.78
2015,1,21,-0.23,6.8
2015,1,22,-0.36,6.69
2015,1,23,0.35,7.43
2015,1,24,-0.08,7.02
2015,1,25,-0.12,7.0
2015,1,26,-0.04,7.1
2015,1,27,0.32,7.49
2015,1,28,0.32,7.52
2015,1,29,0.4,7.61
2015,1,30,0.47,7.71
2015,1,31,1.13,8.39
2015,2,1,0.3,7.59
2015,2,2,0.33,7.64
2015,2,3,0.3,7.63
2015,2,4,0.87,8.22
2015,2,5,1.12,8.49
2015,2,6,0.76,8.16
2015,2,7,0.59,8.0
2015,2,8,0.67,8.11
2015,2,9,1.27,8.72
2015,2,10,1.39,8.86
2015,2,11,1.4,8.89
2015,2,12,1.07,8.58
2015,2,13,1.47,9.0
2015,2,14,1.52,9.07
2015,2,15,1.65,9.21
2015,2,16,1.97,9.55
2015,2,17,1.84,9.44
2015,2,18,2.09,9.71
2015,2,19,1.98,9.62
2015,2,20,2.16,9.81
2015,2,21,2.38,10.05
2015,2,22,1.75,9.44
2015,2,23,2.25,9.95
2015,2,24,2.31,10.02
2015,2,25,2.36,10.09
2015,2,26,2.59,10.34
2015,2,27,3.32,11.08
2015,2,28,2.61,10.38
2015,3,1,3.36,11.15
2015,3,2,2.55,10.35
2015,3,3,3.14,10.95
2015,3,4,3.43,11.25
2015,3,5,3.69,11.53
2015,3,6,3.85,11.7
2015,3,7,4.0,11.86
2015,3,8,3.72,11.6
2015,3,9,3.81,11.69
2015,3,10,4.39,12.28
2015,3,11,4.15,12.05
2015,3,12,3.89,11.8
2015,3,13,4.07,11.99
2015,3,14,4.27,12.2
2015,3,15,4.89,12.83
2015,3,16,4.9,12.84
2015,3,17,5.22,13.17
2015,3,18,4.96,12.91
2015,3,19,5.29,13.25
2015,3,20,5.59,13.55
2015,3,21,5.39,13.36
2015,3,22,5.79,13.77
2015,3,23,5.53,13.51
2015,3,24,5.77,13.75
2015,3,25,5.89,13.88
2015,3,26,5.74,13.73
2015,3,27,6.47,14.46
2015,3,28,6.26,14.26
2015,3,29,6.57,14.57
2015,3,30,6.87,14.86
2015,3,31,6.99,14.99
2015,4,1,7.2,15.2
2015,4,2,7.07,15.07
2015,4,3,7.09,15.09
2015,4,4,7.34,15.34
2015,4,5,6.92,14.91
2015,4,6,7.13,15.13
2015,4,7,7.31,15.31
2015,4,8,7.56,15.55
2015,4,9,8.18,16.17
2015,4,10,7.86,15.85
2015,4,11,8.18,16.16
2015,4,12,8.9,16.88
2015,4,13,8.45,16.42
2015,4,14,8.97,16.93
2015,4,15,8.52,16.48
2015,4,16,8.9,16.86
2015,4,17,8.78,16.72
2015,4,18,9.12,17.06
2015,4,19,9.66,17.59
2015,4,20,8.89,16.82
2015,4,21,9.78,17.69
2015,4,22,9.84,17.74
2015,4,23,9.67,17.57
2015,4,24,9.5,17.39
2015,4,25,10.16,18.04
2015,4,26,10.07,17.94
2015,4,27,10.47,18.32
2015,4,28,10.51,18.36
2015,4,29,11.19,19.02
2015,4,30,10.67,18.49
2015,5,1,10.51,18.32
2015,5,2,11.05,18.85
2015,5,3,11.19,18.97
2015,5,4,11.7,19.47
2015,5,5,11.63,19.39
2015,5,6,11.58,19.32
2015,5,7,12.08,19.81
2015,5,8,11.26,18.98
2015,5,9,11.57,19.26
2015,5,10,11.58,19.26
2015,5,11,11.87,19.54
2015,5,12,11.63,19.28
2015,5,13,12.44,20.07
2015,5,14,12.25,19.86
2015,5,15,11.91,19.51
2015,5,16,12.17,19.75
2015,5,17,12.73,20.29
2015,5,18,13.02,20.56
2015,5,19,13.52,21.04
2015,5,20,13.93,21.44
2015,5,21,13.15,20.63
2015,5,22,12.75,20.21
2015,5,23,12.44,19.88
2015,5,24,13.37,20.79
2015,5,25,13.07,20.48
2015,5,26,13.3,20.68
2015,5,27,13.31,20.67
2015,5,28,13.55,20.9
2015,5,29,14.05,21.37
2015,5,30,13.81,21.11
2015,5,31,13.78,21.05
2015,6,1,13.54,20.8
2015,6,2,13.39,20.62
2015,6,3,13.87,21.08
2015,6,4,14.09,21.28
2015,6,5,14.79,21.96
2015,6,6,14.28,21.42
2015,6,7,14.64,21.76
2015,6,8,14.18,21.27
2015,6,9,14.0,21.06
2015,6,10,14.13,21.17
2015,6,11,14.26,21.28
2015,6,12,15.31,22.31
2015,6,13,14.33,21.3
2015,6,14,14.95,21.9
2015,6,15,14.39,21.31
2015,6,16,15.07,21.97
2015,6,17,14.92,21.79
2015,6,18,14.76,21.61
2015,6,19,14.84,21.66
2015,6,20,14.65,21.45
2015,6,21,15.07,21.84
2015,6,22,14.78,21.53
2015,6,23,14.54,21.26
2015,6,24,14.54,21.24
2015,6,25,15.07,21.74
2015,6,26,15.58,22.23
2015,6,27,15.1,21.72
2015,6,28,15.02,21.61
2015,6,29,15.17,21.74
2015,6,30,15.53,22.08
2015,7,1,15.16,21.68
2015,7,2,14.94,21.44
2015,7,3,15.48,21.94
2015,7,4,15.24,21.68
2015,7,5,15.63,22.04
2015,7,6,15.15,21.53
2015,7,7,14.65,21.01
2015,7,8,14.59,20.92
2015,7,9,15.63,21.94
2015,7,10,15.64,21.93
2015,7,11,14.96,21.22
2015,7,12,14.87,21.11
2015,7,13,15.5,21.7
2015,7,14,14.57,20.76
2015,7,15,14.62,20.78
2015,7,16,15.13,21.27
2015,7,17,14.74,20.85
2015,7,18,14.84,20.93
2015,7,19,14.75,20.81
2015,7,20,14.89,20.93
2015,7,21,15.23,21.24
2015,7,22,14.73,20.71
2015,7,23,14.88,20.84
2015,7,24,13.89,19.82
2015,7,25,14.54,20.45
2015,7,26,14.21,20.1
2015,7,27,14.03,19.89
2015,7,28,14.09,19.94
2015,7,29,14.23,20.05
2015,7,30,14.61,20.4
2015,7,31,13.76,19.53
2015,8,1,14.17,19.92
2015,8,2,13.93,19.66
2015,8,3,13.92,19.62
2015,8,4,14.31,20.0
2015,8,5,14.08,19.74
2015,8,6,14.29,19.93
2015,8,7,13.69,19.31
2015,8,8,13.42,19.02
2015,8,9,13.51,19.09
2015,8,10,13.59,19.15
2015,8,11,13.49,19.03
2015,8,12,12.96,18.48
2015,8,13,13.29,18.79
2015,8,14,13.25,18.73
2015,8,15,13.96,19.42
2015,8,16,13.64,19.09
2015,8,17,12.6,18.02
2015,8,18,12.7,18.11
2015,8,19,12.19,17.58
2015,8,20,12.4,17.77
2015,8,21,12.62,17.97
2015,8,22,12.83,18.17
2015,8,23,12.05,17.37
2015,8,24,11.97,17.28
2015,8,25,11.34,16.64
2015,8,26,11.93,17.21
2015,8,27,11.51,16.77
2015,8,28,11.59,16.83
2015,8,29,11.35,16.59
2015,8,30,11.51,16.74
2015,8,31,10.82,16.03
2015,9,1,10.81,16.0
2015,9,2,11.95,17.13
2015,9,3,10.64,15.81
2015,9,4,10.58,15.74
2015,9,5,11.49,16.64
2015,9,6,11.75,16.88
2015,9,7,10.2,15.32
2015,9,8,10.36,15.47
2015,9,9,10.48,15.59
2015,9,10,10.84,15.94
2015,9,11,9.77,14.85
2015,9,12,9.9,14.98
2015,9,13,10.13,15.2
2015,9,14,9.88,14.95
2015,9,15,9.47,14.53
2015,9,16,9.43,14.48
2015,9,17,8.86,13.91
2015,9,18,9.13,14.17
2015,9,19,8.99,14.02
2015,9,20,9.03,14.06
2015,9,21,8.63,13.65
2015,9,22,8.85,13.87
2015,9,23,8.91,13.92
2015,9,24,8.48,13.49
2015,9,25,8.41,13.42
2015,9,26,8.17,13.18
2015,9,27,8.02,13.02
2015,9,28,7.63,12.64
2015,9,29,7.86,12.86
2015,9,30,7.58,12.58
2015,10,1,8.21,13.21
2015,10,2,7.9,12.9
2015,10,3,7.35,12.35
2015,10,4,6.81,11.81
2015,10,5,6.55,11.56
2015,10,6,7.22,12.23
2015,10,7,6.77,11.77
2015,10,8,6.71,11.72
2015,10,9,5.79,10.81
2015,10,10,6.6,11.61
2015,10,11,6.3,11.32
2015,10,12,5.62,10.64
2015,10,13,5.71,10.74
2015,10,14,5.83,10.87
2015,10,15,5.62,10.67
2015,10,16,5.37,10.42
2015,10,17,5.31,10.36
2015,10,18,5.12,10.19
2015,10,19,5.14,10.21
2015,10,20,5.47,10.55
2015,10,21,3.93,9.02
2015,10,22,4.61,9.71
2015,10,23,4.63,9.74
2015,10,24,4.55,9.66
2015,10,25,4.19,9.31
2015,10,26,3.58,8.72
2015,10,27,4.18,9.33
2015,10,28,4.55,9.71
2015,10,29,3.29,8.46
2015,10,30,4.01,9.19
2015,10,31,3.47,8.67
2015,11,1,3.44,8.65
2015,11,2,2.98,8.2
2015,11,3,3.11,8.35
2015,11,4,3.57,8.82
2015,11,5,3.21,8.47
2015,11,6,3.5,8.78
2015,11,7,3.19,8.48
2015,11,8,2.82,8.13
2015,11,9,3.17,8.5
2015,11,10,2.61,7.95
2015,11,11,2.64,7.99
2015,11,12,2.14,7.51
2015,11,13,2.16,7.55
2015,11,14,1.79,7.2
2015,11,15,2.28,7.71
2015,11,16,1.43,6.87
2015,11,17,2.02,7.48
2015,11,18,1.58,7.06
2015,11,19,1.96,7.47
2015,11,20,1.72,7.25
2015,11,21,2.01,7.55
2015,11,22,1.54,7.1
2015,11,23,0.65,6.23
2015,11,24,1.09,6.69
2015,11,25,0.62,6.24
2015,11,26,0.77,6.41
2015,11,27,1.4,7.06
2015,11,28,1.01,6.7
2015,11,29,0.47,6.18
2015,11,30,0.29,6.02
2015,12,1,0.58,6.34
2015,12,2,0.07,5.85
2015,12,3,0.2,6.0
2015,12,4,0.48,6.3
2015,12,5,0.71,6.55
2015,12,6,0.45,6.32
2015,12,7,-0.62,5.27
2015,12,8,0.23,6.15
2015,12,9,0.09,6.03
2015,12,10,0.16,6.13
2015,12,11,0.53,6.52
2015,12,12,-0.81,5.21
2015,12,13,-0.34,5.7
2015,12,14,0.03,6.09
2015,12,15,-0.77,5.32
2015,12,16,0.26,6.37
2015,12,17,-0.17,5.97
2015,12,18,-0.03,6.13
2015,12,19,-0.56,5.62
2015,12,20,-0.11,6.1
2015,12,21,-0.05,6.19
2015,12,22,-0.37,5.89
2015,12,23,-0.39,5.9
2015,12,24,-0.4,5.91
2015,12,25,-0.82,5.52
2015,12,26,-0.59,5.78
2015,12,27,-0.6,5.79
2015,12,28,-0.43,5.99
2015,12,29,-0.22,6.22
2015,12,30,-0.95,5.52
2015,12,31,-0.63,5.86
2016,1,1,0.01,6.53
2016,1,2,-0.77,5.78
2016,1,3,-0.8,5.78
2016,1,4,-0.43,6.17
2016,1,5,-0.2,6.43
2016,1,6,-0.49,6.17
2016,1,7,-0.01,6.67
2016,1,8,-0.17,6.54
2016,1,9,-0.16,6.58
2016,1,10,-0.24,6.52
2016,1,11,0.4,7.18
2016,1,12,-0.46,6.35
2016,1,13,-1.07,5.77
2016,1,14,0.22,7.08
2016,1,15,-0.47,6.41
2016,1,16,-0.24,6.67
2016,1,17,0.21,7.15
2016,1,18,-0.77,6.19
2016,1,19,-0.61,6.37
2016,1,20,-0.69,6.32
2016,1,21,-0.36,6.67
2016,1,22,0.11,7.17
2016,1,23,0.19,7.27
2016,1,24,0.15,7.25
2016,1,25,-0.39,6.74
2016,1,26,-0.65,6.5
2016,1,27,0.23,7.41
2016,1,28,0.11,7.3
2016,1,29,0.49,7.71
2016,1,30,0.64,7.88
2016,1,31,0.51,7.77
2016,2,1,0.79,8.08
2016,2,2,0.67,7.98
2016,2,3,0.85,8.18
2016,2,4,0.49,7.84
2016,2,5,0.75,8.12
2016,2,6,0.95,8.34
2016,2,7,1.25,8.66
2016,2,8,0.9,8.34
2016,2,9,1.31,8.76
2016,2,10,1.11,8.59
2016,2,11,1.25,8.74
2016,2,12,1.67,9.18
2016,2,13,0.77,8.3
2016,2,14,1.1,8.65
2016,2,15,1.13,8.7
2016,2,16,0.93,8.51
2016,2,17,1.6,9.2
2016,2,18,2.2,9.82
2016,2,19,1.94,9.57
2016,2,20,2.2,9.86
2016,2,21,2.62,10.29
2016,2,22,2.8,10.49
2016,2,23,2.42,10.12
2016,2,24,3.03,10.74
2016,2,25,2.69,10.42
2016,2,26,2.47,10.22
2016,2,27,2.67,10.43
2016,2,28,2.47,10.25
2016,2,29,2.79,10.58
2016,3,1,3.09,10.89
2016,3,2,3.61,11.43
2016,3,3,4.05,11.88
2016,3,4,3.08,10.92
2016,3,5,3.82,11.67
2016,3,6,3.44,11.3
2016,3,7,4.09,11.96
2016,3,8,4.0,11.88
2016,3,9,3.53,11.42
2016,3,10,4.62,12.52
2016,3,11,4.21,12.12
2016,3,12,4.36,12.28
2016,3,13,4.3,12.22
2016,3,14,4.57,12.51
2016,3,15,5.08,13.02
2016,3,16,4.99,12.94
2016,3,17,5.3,13.26
2016,3,18,5.44,13.4
2016,3,19,5.91,13.88
2016,3,20,5.46,13.43
2016,3,21,5.19,13.17
2016,3,22,6.22,14.2
2016,3,23,5.86,13.84
2016,3,24,6.5,14.49
2016,3,25,6.38,14.37
2016,3,26,6.33,14.32
2016,3,27,6.63,14.63
2016,3,28,7.33,15.32
2016,3,29,7.5,15.5
2016,3,30,6.94,14.94
2016,3,31,7.1,15.1
2016,4,1,7.56,15.56
2016,4,2,7.02,15.02
2016,4,3,7.57,15.57
2016,4,4,7.58,15.57
2016,4,5,7.83,15.83
2016,4,6,7.56,15.56
2016,4,7,7.43,15.42
2016,4,8,7.4,15.39
2016,4,9,7.87,15.85
2016,4,10,8.23,16.21
2016,4,11,8.42,16.4
2016,4,12,9.34,17.31
2016,4,13,9.18,17.14
2016,4,14,8.59,16.55
2016,4,15,9.18,17.13
2016,4,16,9.05,16.99
2016,4,17,9.22,17.16
2016,4,18,9.51,17.44
2016,4,19,9.79,17.72
2016,4,20,9.59,17.5
2016,4,21,10.21,18.11
2016,4,22,9.56,17.46
2016,4,23,10.09,17.98
2016,4,24,11.12,19.0
2016,4,25,10.42,18.28
2016,4,26,10.97,18.82
2016,4,27,10.62,18.46
2016,4,28,10.91,18.75
2016,4,29,10.81,18.63
2016,4,30,10.89,18.7
2016,5,1,10.8,18.59
2016,5,2,11.34,19.12
2016,5,3,11.01,18.78
2016,5,4,11.65,19.41
2016,5,5,11.91,19.66
2016,5,6,11.78,19.5
2016,5,7,11.66,19.37
2016,5,8,12.03,19.73
2016,5,9,11.87,19.55
2016,5,10,12.42,20.08
2016,5,11,11.55,19.2
2016,5,12,12.18,19.81
2016,5,13,11.71,19.32
2016,5,14,11.98,19.58
2016,5,15,13.08,20.66
2016,5,16,13.02,20.58
2016,5,17,12.55,20.09
2016,5,18,12.37,19.9
2016,5,19,11.95,19.46
2016,5,20,12.89,20.38
2016,5,21,14.02,21.49
2016,5,22,13.42,20.86
2016,5,23,13.16,20.58
2016,5,24,13.6,21.0
2016,5,25,12.97,20.36
2016,5,26,13.5,20.86
2016,5,27,13.72,21.06
2016,5,28,13.73,21.05
2016,5,29,14.11,21.41
2016,5,30,14.03,21.31
2016,5,31,14.22,21.47
2016,6,1,13.81,21.04
2016,6,2,14.44,21.65
2016,6,3,14.76,21.95
2016,6,4,13.91,21.08
2016,6,5,14.0,21.14
2016,6,6,14.84,21.96
2016,6,7,14.37,21.46
2016,6,8,14.98,22.05
2016,6,9,14.39,21.43
2016,6,10,15.1,22.13
2016,6,11,14.69,21.69
2016,6,12,14.78,21.76
2016,6,13,15.29,22.23
2016,6,14,14.65,21.58
2016,6,15,14.49,21.39
2016,6,16,14.7,21.58
2016,6,17,15.06,21.9
2016,6,18,14.38,21.21
2016,6,19,15.19,21.98
2016,6,20,14.8,21.58
2016,6,21,15.42,22.17
2016,6,22,14.21,20.93
2016,6,23,14.79,21.49
2016,6,24,14.5,21.17
2016,6,25,14.82,21.46
2016,6,26,15.21,21.83
2016,6,27,15.07,21.67
2016,6,28,15.06,21.63
2016,6,29,15.1,21.64
2016,6,30,15.24,21.75
2016,7,1,14.82,21.31
2016,7,2,15.42,21.88
2016,7,3,15.4,21.84
2016,7,4,15.3,21.72
2016,7,5,15.36,21.75
2016,7,6,15.26,21.62
2016,7,7,15.86,22.19
2016,7,8,15.1,21.41
2016,7,9,15.01,21.3
2016,7,10,14.84,21.1
2016,7,11,14.72,20.96
2016,7,12,14.63,20.84
2016,7,13,14.73,20.91
2016,7,14,14.99,21.15
2016,7,15,15.1,21.24
2016,7,16,14.98,21.08
2016,7,17,14.66,20.74
2016,7,18,15.21,21.26
2016,7,19,15.11,21.15
2016,7,20,14.76,20.77
2016,7,21,14.55,20.53
2016,7,22,14.92,20.88
2016,7,23,14.75,20.69
2016,7,24,14.13,20.04
2016,7,25,14.56,20.45
2016,7,26,14.63,20.49
2016,7,27,14.17,20.01
2016,7,28,14.49,20.31
2016,7,29,13.86,19.65
2016,7,30,14.77,20.55
2016,7,31,14.68,20.43
2016,8,1,14.09,19.82
2016,8,2,14.24,19.94
2016,8,3,13.2,18.88
2016,8,4,13.57,19.23
2016,8,5,13.8,19.44
2016,8,6,13.45,19.07
2016,8,7,14.0,19.6
2016,8,8,14.37,19.95
2016,8,9,13.18,18.74
2016,8,10,13.21,18.75
2016,8,11,13.5,19.02
2016,8,12,13.9,19.4
2016,8,13,12.82,18.3
2016,8,14,13.25,18.71
2016,8,15,13.71,19.15
2016,8,16,12.4,17.82
2016,8,17,12.43,17.84
2016,8,18,12.64,18.03
2016,8,19,12.5,17.88
2016,8,20,12.87,18.23
2016,8,21,12.57,17.91
2016,8,22,11.76,17.09
2016,8,23,12.46,17.77
2016,8,24,11.97,17.27
2016,8,25,12.51,17.79
2016,8,26,11.74,17.0
2016,8,27,11.63,16.88
2016,8,28,11.93,17.16
2016,8,29,11.89,17.12
2016,8,30,11.67,16.88
2016,8,31,10.81,16.0
2016,9,1,11.47,16.65
2016,9,2,10.8,15.97
2016,9,3,11.13,16.29
2016,9,4,10.43,15.58
2016,9,5,10.96,16.1
2016,9,6,10.41,15.53
2016,9,7,10.12,15.23
2016,9,8,10.69,15.8
2016,9,9,10.4,15.5
2016,9,10,9.98,15.06
2016,9,11,10.57,15.65
2016,9,12,9.79,14.86
2016,9,13,9.82,14.89
2016,9,14,9.78,14.83
2016,9,15,9.34,14.39
2016,9,16,9.59,14.63
2016,9,17,9.11,14.14
2016,9,18,9.02,14.05
2016,9,19,9.51,14.54
2016,9,20,8.54,13.56
2016,9,21,7.92,12.94
2016,9,22,9.2,14.21
2016,9,23,9.39,14.4
2016,9,24,8.23,13.23
2016,9,25,7.56,12.56
2016,9,26,7.99,13.0
2016,9,27,7.87,12.87
2016,9,28,7.77,12.77
2016,9,29,7.31,12.31
2016,9,30,7.77,12.77
2016,10,1,7.61,12.61
2016,10,2,6.77,11.77
2016,10,3,7.4,12.4
2016,10,4,7.74,12.74
2016,10,5,6.95,11.95
2016,10,6,6.64,11.64
2016,10,7,6.57,11.58
2016,10,8,6.7,11.71
2016,10,9,5.75,10.76
2016,10,10,6.27,11.3
2016,10,11,5.95,10.97
2016,10,12,6.6,11.63
2016,10,13,5.76,10.79
2016,10,14,6.27,11.31
2016,10,15,5.17,10.22
2016,10,16,5.63,10.69
2016,10,17,5.4,10.47
2016,10,18,4.86,9.93
2016,10,19,5.1,10.18
2016,10,20,5.33,10.42
2016,10,21,4.66,9.76
2016,10,22,4.06,9.16
2016,10,23,4.52,9.63
2016,10,24,4.08,9.21
2016,10,25,4.15,9.29
2016,10,26,4.12,9.27
2016,10,27,3.43,8.59
2016,10,28,3.34,8.51
2016,10,29,3.95,9.14
2016,10,30,3.48,8.68
2016,10,31,2.65,7.86
2016,11,1,3.7,8.93
2016,11,2,3.41,8.64
2016,11,3,2.95,8.2
2016,11,4,2.62,7.89
2016,11,5,3.26,8.54
2016,11,6,2.98,8.28
2016,11,7,3.58,8.89
2016,11,8,2.79,8.11
2016,11,9,2.67,8.01
2016,11,10,2.37,7.73
2016,11,11,2.61,7.98
2016,11,12,2.44,7.83
2016,11,13,2.55,7.97
2016,11,14,1.83,7.26
2016,11,15,1.77,7.21
2016,11,16,1.65,7.12
2016,11,17,2.0,7.49
2016,11,18,2.16,7.66
2016,11,19,1.38,6.9
2016,11,20,1.3,6.84
2016,11,21,1.47,7.03
2016,11,22,1.19,6.77
2016,11,23,1.52,7.13
2016,11,24,0.32,5.94
2016,11,25,0.74,6.38
2016,11,26,0.67,6.34
2016,11,27,0.06,5.75
2016,11,28,0.46,6.17
2016,11,29,0.4,6.13
2016,11,30,0.58,6.33
2016,12,1,0.97,6.75
2016,12,2,0.43,6.23
2016,12,3,0.09,5.91
2016,12,4,0.36,6.21
2016,12,5,0.69,6.56
2016,12,6,-0.08,5.81
2016,12,7,-0.11,5.8
2016,12,8,0.35,6.28
2016,12,9,0.02,5.98
2016,12,10,0.27,6.26
2016,12,11,-0.01,6.0
2016,12,12,0.2,6.23
2016,12,13,-0.46,5.6
2016,12,14,-0.14,5.95
2016,12,15,-0.25,5.86
2016,12,16,-0.64,5.5
2016,12,17,-0.8,5.36
2016,12,18,-0.04,6.14
2016,12,19,-0.44,5.77
2016,12,20,-0.7,5.54
2016,12,21,-0.4,5.86
2016,12,22,0.0,6.29
2016,12,23,-1.21,5.1
2016,12,24,-0.96,5.38
2016,12,25,-0.78,5.59
2016,12,26,0.04,6.43
2016,12,27,-0.38,6.03
2016,12,28,-0.22,6.22
2016,12,29,-0.9,5.57
2016,12,30,-0.9,5.6
2016,12,31,-0.35,6.17
2017,1,1,-0.41,6.12
2017,1,2,-0.24,6.31
2017,1,3,-0.5,6.08
2017,1,4,-0.33,6.28
2017,1,5,-0.36,6.27
2017,1,6,-0.14,6.52
2017,1,7,-0.12,6.56
2017,1,8,-0.95,5.75
2017,1,9,-1.16,5.57
2017,1,10,-0.0,6.75
2017,1,11,0.08,6.87
2017,1,12,-0.67,6.14
2017,1,13,-0.94,5.9
2017,1,14,-0.22,6.63
2017,1,15,0.1,6.98
2017,1,16,0.43,7.34
2017,1,17,0.02,6.95
2017,1,18,-0.26,6.7
2017,1,19,-0.4,6.58
2017,1,20,-0.05,6.96
2017,1,21,-0.11,6.92
2017,1,22,-0.32,6.74
2017,1,23,0.8,7.88
2017,1,24,0.76,7.86
2017,1,25,0.58,7.71
2017,1,26,-0.08,7.07
2017,1,27,0.59,7.77
2017,1,28,0.58,7.77
2017,1,29,0.57,7.79
2017,1,30,0.91,8.15
2017,1,31,0.76,8.02
2017,2,1,0.86,8.15
2017,2,2,0.9,8.2
2017,2,3,0.86,8.19
2017,2,4,0.19,7.54
2017,2,5,0.92,8.29
2017,2,6,0.77,8.16
2017,2,7,0.59,8.01
2017,2,8,1.71,9.14
2017,2,9,1.81,9.26
2017,2,10,1.76,9.23
2017,2,11,1.46,8.95
2017,2,12,1.93,9.44
2017,2,13,1.55,9.08
2017,2,14,1.71,9.26
2017,2,15,1.35,8.91
2017,2,16,1.96,9.55
2017,2,17,1.94,9.54
2017,2,18,1.56,9.18
2017,2,19,2.1,9.73
2017,2,20,2.19,9.84
2017,2,21,2.95,10.62
2017,2,22,2.73,10.42
2017,2,23,2.53,10.23
2017,2,24,2.72,10.44
2017,2,25,2.75,10.49
2017,2,26,2.78,10.52
2017,2,27,2.58,10.34
2017,2,28,3.02,10.79
2017,3,1,2.92,10.71
2017,3,2,2.86,10.66
2017,3,3,3.59,11.4
2017,3,4,3.67,11.49
2017,3,5,3.02,10.86
2017,3,6,3.72,11.57
2017,3,7,4.23,12.09
2017,3,8,4.38,12.25
2017,3,9,4.49,12.37
2017,3,10,4.27,12.16
2017,3,11,4.08,11.98
2017,3,12,4.12,12.03
2017,3,13,4.75,12.67
2017,3,14,4.89,12.81
2017,3,15,5.33,13.26
2017,3,16,5.39,13.33
2017,3,17,5.09,13.04
2017,3,18,4.83,12.79
2017,3,19,5.28,13.25
2017,3,20,5.6,13.57
2017,3,21,5.59,13.56
2017,3,22,5.59,13.56
2017,3,23,6.01,13.99
2017,3,24,5.88,13.86
2017,3,25,5.97,13.96
2017,3,26,6.43,14.42
2017,3,27,6.31,14.31
2017,3,28,6.67,14.67
2017,3,29,6.82,14.82
2017,3,30,6.46,14.46
2017,3,31,6.82,14.82
2017,4,1,7.63,15.63
2017,4,2,6.86,14.86
2017,4,3,6.66,14.66
2017,4,4,6.88,14.88
2017,4,5,7.68,15.67
2017,4,6,7.81,15.81
2017,4,7,7.89,15.89
2017,4,8,8.5,16.49
2017,4,9,7.27,15.26
2017,4,10,8.48,16.46
2017,4,11,9.02,17.0
2017,4,12,8.21,16.19
2017,4,13,8.61,16.58
2017,4,14,8.61,16.57
2017,4,15,8.69,16.65
2017,4,16,9.02,16.97
2017,4,17,9.77,17.71
2017,4,18,10.04,17.98
2017,4,19,9.41,17.34
2017,4,20,10.32,18.25
2017,4,21,9.8,17.71
2017,4,22,10.53,18.43
2017,4,23,10.01,17.91
2017,4,24,10.22,18.1
2017,4,25,10.42,18.3
2017,4,26,11.53,19.4
2017,4,27,10.84,18.7
2017,4,28,10.42,18.26
2017,4,29,11.13,18.96
2017,4,30,10.78,18.61
2017,5,1,10.86,18.67
2017,5,2,11.47,19.26
2017,5,3,11.28,19.06
2017,5,4,11.48,19.25
2017,5,5,11.51,19.26
2017,5,6,11.73,19.47
2017,5,7,11.88,19.6
2017,5,8,11.16,18.87
2017,5,9,12.18,19.88
2017,5,10,11.72,19.4
2017,5,11,11.66,19.33
2017,5,12,12.25,19.9
2017,5,13,12.41,20.04
2017,5,14,12.24,19.85
2017,5,15,12.88,20.47
2017,5,16,12.22,19.79
2017,5,17,12.64,20.2
2017,5,18,12.68,20.22
2017,5,19,12.96,20.48
2017,5,20,13.17,20.67
2017,5,21,12.81,20.3
2017,5,22,13.51,20.97
2017,5,23,13.37,20.81
2017,5,24,12.77,20.19
2017,5,25,12.83,20.24
2017,5,26,13.6,20.98
2017,5,27,13.61,20.97
2017,5,28,13.73,21.07
2017,5,29,13.83,21.15
2017,5,30,14.0,21.29
2017,5,31,14.32,21.6
2017,6,1,13.67,20.93
2017,6,2,13.72,20.96
2017,6,3,13.82,21.03
2017,6,4,14.37,21.56
2017,6,5,14.77,21.93
2017,6,6,14.24,21.38
2017,6,7,13.58,20.7
2017,6,8,13.92,21.01
2017,6,9,14.28,21.35
2017,6,10,14.43,21.47
2017,6,11,14.53,21.55
2017,6,12,14.74,21.74
2017,6,13,14.66,21.64
2017,6,14,15.19,22.13
2017,6,15,14.62,21.55
2017,6,16,14.6,21.5
2017,6,17,15.11,21.98
2017,6,18,14.44,21.29
2017,6,19,15.15,21.97
2017,6,20,15.08,21.88
2017,6,21,15.02,21.79
2017,6,22,15.66,22.4
2017,6,23,14.91,21.63
2017,6,24,15.87,22.57
2017,6,25,15.09,21.76
2017,6,26,14.74,21.39
2017,6,27,15.23,21.85
2017,6,28,14.84,21.43
2017,6,29,14.97,21.53
2017,6,30,15.38,21.92
2017,7,1,15.44,21.95
2017,7,2,15.03,21.52
2017,7,3,15.6,22.06
2017,7,4,15.66,22.09
2017,7,5,15.75,22.16
2017,7,6,15.43,21.82
2017,7,7,15.71,22.07
2017,7,8,14.57,20.9
2017,7,9,15.1,21.41
2017,7,10,14.9,21.18
2017,7,11,15.23,21.49
2017,7,12,14.97,21.2
2017,7,13,15.09,21.29
2017,7,14,15.78,21.96
2017,7,15,15.04,21.19
2017,7,16,15.21,21.35
2017,7,17,14.96,21.06
2017,7,18,15.03,21.11
2017,7,19,14.97,21.03
2017,7,20,15.09,21.12
2017,7,21,15.3,21.31
2017,7,22,15.43,21.42
2017,7,23,14.92,20.88
2017,7,24,14.97,20.91
2017,7,25,14.31,20.23
2017,7,26,14.64,20.52
2017,7,27,14.94,20.81
2017,7,28,14.86,20.71
2017,7,29,14.58,20.4
2017,7,30,14.76,20.55
2017,7,31,14.56,20.33
2017,8,1,14.74,20.49
2017,8,2,14.36,20.09
2017,8,3,14.07,19.77
2017,8,4,14.24,19.92
2017,8,5,13.03,18.69
2017,8,6,14.11,19.75
2017,8,7,12.63,18.25
2017,8,8,13.22,18.82
2017,8,9,13.91,19.49
2017,8,10,13.84,19.4
2017,8,11,13.18,18.72
2017,8,12,13.25,18.77
2017,8,13,13.9,19.4
2017,8,14,13.16,18.64
2017,8,15,14.02,19.49
2017,8,16,13.15,18.59
2017,8,17,13.2,18.62
2017,8,18,13.53,18.94
2017,8,19,12.91,18.3
2017,8,20,12.42,17.79
2017,8,21,12.63,17.99
2017,8,22,12.55,17.89
2017,8,23,11.99,17.31
2017,8,24,12.27,17.58
2017,8,25,12.0,17.29
2017,8,26,12.47,17.75
2017,8,27,12.05,17.32
2017,8,28,11.83,17.08
2017,8,29,11.78,17.02
2017,8,30,11.79,17.01
2017,8,31,11.81,17.02
2017,9,1,11.13,16.32
2017,9,2,11.0,16.18
2017,9,3,11.63,16.8
2017,9,4,10.98,16.14
2017,9,5,10.51,15.66
2017,9,6,11.04,16.18
2017,9,7,10.93,16.05
2017,9,8,10.11,15.22
2017,9,9,10.6,15.71
2017,9,10,10.65,15.75
2017,9,11,10.4,15.49
2017,9,12,10.37,15.45
2017,9,13,9.53,14.6
2017,9,14,10.01,15.07
2017,9,15,9.66,14.71
2017,9,16,9.47,14.51
2017,9,17,9.81,14.85
2017,9,18,9.89,14.93
2017,9,19,9.87,14.9
2017,9,20,9.57,14.6
2017,9,21,8.94,13.96
2017,9,22,8.97,13.99
2017,9,23,8.98,14.0
2017,9,24,8.62,13.64
2017,9,25,8.49,13.5
2017,9,26,8.6,13.61
2017,9,27,8.16,13.16
2017,9,28,7.79,12.79
2017,9,29,7.77,12.77
2017,9,30,8.0,13.0
2017,10,1,7.64,12.64
2017,10,2,7.63,12.63
2017,10,3,7.61,12.61
2017,10,4,7.11,12.11
2017,10,5,7.37,12.37
2017,10,6,7.1,12.11
2017,10,7,6.4,11.41
2017,10,8,7.2,12.21
2017,10,9,6.39,11.4
2017,10,10,5.85,10.87
2017,10,11,5.93,10.95
2017,10,12,5.81,10.83
2017,10,13,6.05,11.08
2017,10,14,5.8,10.84
2017,10,15,5.65,10.69
2017,10,16,5.85,10.9
2017,10,17,5.62,10.68
2017,10,18,5.48,10.55
2017,10,19,5.39,10.46
2017,10,20,5.33,10.41
2017,10,21,4.25,9.34
2017,10,22,4.73,9.83
2017,10,23,3.97,9.07
2017,10,24,4.62,9.73
2017,10,25,4.48,9.6
2017,10,26,4.72,9.86
2017,10,27,4.65,9.79
2017,10,28,4.18,9.34
2017,10,29,3.81,8.98
2017,10,30,4.03,9.22
2017,10,31,3.56,8.76
2017,11,1,3.63,8.83
2017,11,2,3.85,9.08
2017,11,3,3.2,8.43
2017,11,4,3.56,8.81
2017,11,5,3.4,8.66
2017,11,6,2.72,7.99
2017,11,7,3.28,8.57
2017,11,8,3.07,8.38
2017,11,9,2.75,8.08
2017,11,10,2.35,7.69
2017,11,11,2.21,7.56
2017,11,12,2.21,7.59
2017,11,13,2.49,7.88
2017,11,14,1.86,7.27
2017,11,15,2.25,7.68
2017,11,16,1.56,7.01
2017,11,17,1.83,7.3
2017,11,18,1.84,7.33
2017,11,19,2.57,8.07
2017,11,20,1.14,6.66
2017,11,21,2.05,7.59
2017,11,22,1.5,7.06
2017,11,23,1.5,7.08
2017,11,24,1.31,6.92
2017,11,25,1.34,6.97
2017,11,26,1.05,6.7
2017,11,27,1.54,7.2
2017,11,28,0.79,6.48
2017,11,29,1.27,6.98
2017,11,30,0.58,6.31
2017,12,1,0.71,6.46
2017,12,2,0.28,6.06
2017,12,3,0.75,6.55
2017,12,4,1.03,6.85
2017,12,5,0.44,6.28
2017,12,6,0.33,6.2
2017,12,7,-0.05,5.84
2017,12,8,0.2,6.12
2017,12,9,-0.33,5.61
2017,12,10,-0.14,5.82
2017,12,11,0.2,6.19
2017,12,12,0.54,6.55
2017,12,13,1.01,7.05
2017,12,14,-0.22,5.84
2017,12,15,0.45,6.53
2017,12,16,-0.01,6.1
2017,12,17,-0.19,5.95
2017,12,18,-0.02,6.14
2017,12,19,-0.18,6.0
2017,12,20,-0.2,6.02
2017,12,21,-0.41,5.83
2017,12,22,-0.78,5.48
2017,12,23,-0.85,5.43
2017,12,24,-0.11,6.21
2017,12,25,-0.45,5.89
2017,12,26,-0.58,5.78
2017,12,27,-0.39,6.0
2017,12,28,-0.12,6.29
2017,12,29,-0.35,6.09
2017,12,30,-0.65,5.82
2017,12,31,0.0,6.5
2018,1,1,0.2,6.73
2018,1,2,-0.18,6.37
2018,1,3,-0.01,6.57
2018,1,4,0.09,6.69
2018,1,5,0.06,6.69
2018,1,6,-0.12,6.54
2018,1,7,-0.11,6.57
2018,1,8,-0.12,6.58
2018,1,9,-0.67,6.06
2018,1,10,-0.03,6.73
2018,1,11,-0.73,6.05
2018,1,12,-0.51,6.3
2018,1,13,0.25,7.08
2018,1,14,0.12,6.97
2018,1,15,0.37,7.25
2018,1,16,-0.21,6.69
2018,1,17,-0.49,6.45
2018,1,18,-0.13,6.82
2018,1,19,0.03,7.01
2018,1,20,0.06,7.06
2018,1,21,0.47,7.5
2018,1,22,-0.01,7.05
2018,1,23,0.29,7.37
2018,1,24,-0.13,6.97
2018,1,25,0.42,7.55
2018,1,26,0.32,7.47
2018,1,27,0.11,7.28
2018,1,28,0.35,7.55
2018,1,29,0.43,7.65
2018,1,30,0.46,7.7
2018,1,31,1.24,8.5
2018,2,1,0.65,7.93
2018,2,2,0.67,7.97
2018,2,3,0.09,7.42
2018,2,4,0.58,7.93
2018,2,5,0.88,8.25
2018,2,6,0.8,8.2
2018,2,7,1.61,9.02
2018,2,8,1.14,8.58
2018,2,9,1.73,9.19
2018,2,10,1.39,8.86
2018,2,11,1.46,8.96
2018,2,12,1.51,9.02
2018,2,13,1.63,9.16
2018,2,14,2.32,9.87
2018,2,15,1.0,8.56
2018,2,16,1.2,8.79
2018,2,17,1.81,9.41
2018,2,18,2.1,9.72
2018,2,19,2.44,10.07
2018,2,20,2.46,10.11
2018,2,21,2.26,9.93
2018,2,22,2.86,10.54
2018,2,23,2.97,10.67
2018,2,24,2.78,10.49
2018,2,25,3.16,10.89
2018,2,26,3.02,10.77
2018,2,27,2.84,10.6
2018,2,28,3.39,11.17
2018,3,1,3.3,11.09
2018,3,2,3.38,11.18
2018,3,3,4.01,11.82
2018,3,4,2.75,10.58
2018,3,5,3.23,11.07
2018,3,6,3.43,11.28
2018,3,7,3.84,11.7
2018,3,8,4.0,11.87
2018,3,9,3.68,11.56
2018,3,10,3.99,11.88
2018,3,11,4.15,12.05
2018,3,12,5.44,13.35
2018,3,13,5.34,13.26
2018,3,14,4.69,12.62
2018,3,15,4.83,12.77
2018,3,16,4.69,12.63
2018,3,17,4.55,12.5
2018,3,18,5.31,13.26
2018,3,19,5.13,13.09
2018,3,20,5.58,13.54
2018,3,21,5.18,13.15
2018,3,22,5.6,13.58
2018,3,23,6.05,14.04
2018,3,24,6.26,14.25
2018,3,25,6.41,14.4
2018,3,26,5.94,13.93
2018,3,27,6.83,14.83
2018,3,28,6.39,14.38
2018,3,29,7.02,15.02
2018,3,30,6.93,14.93
2018,3,31,6.59,14.59
2018,4,1,7.1,15.1
2018,4,2,7.47,15.47
2018,4,3,7.69,15.69
2018,4,4,7.56,15.56
2018,4,5,8.28,16.28
2018,4,6,8.23,16.23
2018,4,7,7.93,15.92
2018,4,8,8.41,16.4
2018,4,9,8.96,16.95
2018,4,10,9.11,17.09
2018,4,11,8.12,16.1
2018,4,12,8.36,16.34
2018,4,13,9.34,17.31
2018,4,14,8.58,16.55
2018,4,15,8.62,16.58
2018,4,16,9.05,17.0
2018,4,17,9.49,17.44
2018,4,18,9.44,17.38
2018,4,19,9.38,17.31
2018,4,20,9.5,17.43
2018,4,21,9.62,17.53
2018,4,22,9.69,17.59
2018,4,23,10.92,18.82
2018,4,24,10.35,18.24
2018,4,25,10.69,18.56
2018,4,26,10.33,18.2
2018,4,27,10.56,18.41
2018,4,28,10.5,18.34
2018,4,29,9.94,17.77
2018,4,30,10.51,18.33
2018,5,1,10.48,18.29
2018,5,2,10.44,18.24
2018,5,3,10.93,18.71
2018,5,4,11.93,19.7
2018,5,5,11.57,19.32
2018,5,6,12.15,19.89
2018,5,7,11.95,19.68
2018,5,8,12.19,19.91
2018,5,9,11.72,19.41
2018,5,10,12.32,20.0
2018,5,11,12.5,20.17
2018,5,12,12.15,19.8
2018,5,13,12.66,20.29
2018,5,14,12.76,20.37
2018,5,15,12.47,20.07
2018,5,16,12.37,19.95
2018,5,17,12.45,20.01
2018,5,18,12.99,20.53
2018,5,19,13.17,20.7
2018,5,20,12.87,20.38
2018,5,21,13.25,20.74
2018,5,22,13.54,21.0
2018,5,23,13.64,21.09
2018,5,24,14.05,21.48
2018,5,25,14.04,21.45
2018,5,26,13.33,20.71
2018,5,27,14.35,21.71
2018,5,28,13.66,21.0
2018,5,29,14.29,21.61
2018,5,30,14.02,21.32
2018,5,31,13.93,21.2
2018,6,1,13.51,20.77
2018,6,2,14.15,21.39
2018,6,3,13.74,20.95
2018,6,4,14.69,21.87
2018,6,5,14.94,22.11
2018,6,6,14.2,21.34
2018,6,7,14.64,21.76
2018,6,8,14.34,21.43
2018,6,9,14.43,21.5
2018,6,10,14.97,22.02
2018,6,11,14.74,21.76
2018,6,12,15.41,22.41
2018,6,13,14.68,21.66
2018,6,14,15.25,22.2
2018,6,15,14.98,21.9
2018,6,16,15.26,22.16
2018,6,17,14.86,21.74
2018,6,18,15.04,21.89
2018,6,19,15.05,21.87
2018,6,20,14.83,21.63
2018,6,21,15.38,22.16
2018,6,22,15.41,22.16
2018,6,23,15.41,22.14
2018,6,24,15.77,22.46
2018,6,25,15.76,22.43
2018,6,26,15.14,21.78
2018,6,27,15.41,22.03
2018,6,28,15.08,21.67
2018,6,29,15.32,21.88
2018,6,30,15.11,21.65
2018,7,1,15.89,22.41
2018,7,2,15.46,21.95
2018,7,3,15.25,21.72
2018,7,4,15.75,22.19
2018,7,5,14.57,20.98
2018,7,6,14.62,21.01
2018,7,7,15.59,21.96
2018,7,8,15.33,21.66
2018,7,9,15.38,21.69
2018,7,10,14.82,21.1
2018,7,11,15.26,21.52
2018,7,12,15.95,22.18
2018,7,13,15.51,21.72
2018,7,14,15.26,21.44
2018,7,15,15.02,21.18
2018,7,16,15.01,21.14
2018,7,17,14.37,20.48
2018,7,18,15.18,21.26
2018,7,19,15.35,21.41
2018,7,20,14.46,20.5
2018,7,21,14.74,20.75
2018,7,22,14.53,20.51
2018,7,23,14.55,20.51
2018,7,24,14.86,20.8
2018,7,25,14.07,19.98
2018,7,26,14.96,20.85
2018,7,27,14.96,20.82
2018,7,28,14.55,20.39
2018,7,29,13.72,19.53
2018,7,30,14.18,19.97
2018,7,31,14.9,20.67
2018,8,1,13.43,19.18
2018,8,2,14.22,19.94
2018,8,3,13.86,19.56
2018,8,4,14.48,20.17
2018,8,5,13.89,19.56
2018,8,6,14.2,19.84
2018,8,7,14.18,19.8
2018,8,8,14.55,20.15
2018,8,9,13.76,19.34
2018,8,10,13.88,19.44
2018,8,11,13.15,18.69
2018,8,12,14.0,19.52
2018,8,13,13.23,18.73
2018,8,14,13.21,18.69
2018,8,15,13.31,18.77
2018,8,16,12.68,18.13
2018,8,17,13.22,18.64
2018,8,18,13.38,18.79
2018,8,19,13.05,18.44
2018,8,20,12.29,17.66
2018,8,21,12.7,18.06
2018,8,22,12.91,18.25
2018,8,23,11.89,17.21
2018,8,24,12.06,17.37
2018,8,25,12.64,17.93
2018,8,26,12.32,17.6
2018,8,27,12.26,17.53
2018,8,28,12.66,17.91
2018,8,29,12.06,17.3
2018,8,30,12.02,17.24
2018,8,31,12.62,17.83
2018,9,1,11.48,16.68
2018,9,2,11.16,16.35
2018,9,3,11.48,16.65
2018,9,4,11.36,16.52
2018,9,5,10.9,16.05
2018,9,6,10.61,15.74
2018,9,7,11.66,16.78
2018,9,8,10.84,15.95
2018,9,9,10.35,15.45
2018,9,10,10.8,15.89
2018,9,11,10.31,15.4
2018,9,12,10.14,15.22
2018,9,13,10.3,15.37
2018,9,14,9.52,14.58
2018,9,15,9.97,15.02
2018,9,16,10.38,15.43
2018,9,17,9.75,14.79
2018,9,18,9.32,14.36
2018,9,19,9.15,14.18
2018,9,20,9.05,14.08
2018,9,21,8.97,13.99
2018,9,22,8.8,13.81
2018,9,23,9.12,14.13
2018,9,24,8.06,13.07
2018,9,25,8.83,13.84
2018,9,26,8.26,13.27
2018,9,27,8.39,13.4
2018,9,28,7.73,12.73
2018,9,29,8.46,13.46
2018,9,30,8.29,13.29
2018,10,1,8.06,13.06
2018,10,2,7.06,12.06
2018,10,3,7.74,12.74
2018,10,4,7.46,12.46
2018,10,5,6.62,11.62
2018,10,6,7.04,12.05
2018,10,7,7.04,12.05
2018,10,8,6.97,11.98
2018,10,9,6.71,11.72
2018,10,10,6.61,11.63
2018,10,11,6.89,11.92
2018,10,12,6.67,11.7
2018,10,13,5.11,10.14
2018,10,14,5.87,10.9
2018,10,15,5.79,10.83
2018,10,16,5.1,10.15
2018,10,17,5.62,10.67
2018,10,18,5.89,10.95
2018,10,19,4.94,10.01
2018,10,20,5.31,10.39
2018,10,21,4.74,9.83
2018,10,22,4.7,9.8
2018,10,23,5.33,10.43
2018,10,24,4.49,9.61
2018,10,25,4.72,9.85
2018,10,26,3.78,8.92
2018,10,27,4.96,10.11
2018,10,28,4.4,9.56
2018,10,29,4.0,9.17
2018,10,30,4.15,9.33
2018,10,31,3.33,8.53
2018,11,1,4.12,9.33
2018,11,2,3.47,8.7
2018,11,3,3.4,8.64
2018,11,4,3.18,8.43
2018,11,5,3.04,8.3
2018,11,6,3.37,8.65
2018,11,7,3.11,8.4
2018,11,8,3.14,8.45
2018,11,9,2.8,8.12
2018,11,10,2.87,8.21
2018,11,11,2.44,7.8
2018,11,12,3.26,8.64
2018,11,13,1.83,7.22
2018,11,14,2.72,8.13
2018,11,15,2.66,8.08
2018,11,16,1.78,7.23
2018,11,17,2.76,8.23
2018,11,18,2.23,7.72
2018,11,19,2.13,7.64
2018,11,20,1.71,7.23
2018,11,21,1.53,7.08
2018,11,22,1.45,7.01
2018,11,23,1.57,7.16
2018,11,24,1.84,7.44
2018,11,25,1.33,6.96
2018,11,26,0.87,6.51
2018,11,27,1.4,7.06
2018,11,28,1.35,7.04
2018,11,29,1.18,6.89
2018,11,30,1.14,6.87
2018,12,1,0.71,6.47
2018,12,2,0.41,6.19
2018,12,3,0.37,6.17
2018,12,4,0.03,5.86
2018,12,5,0.63,6.47
2018,12,6,0.45,6.32
2018,12,7,0.27,6.16
2018,12,8,-0.67,5.25
2018,12,9,-0.13,5.81
2018,12,10,0.65,6.61
2018,12,11,-0.03,5.96
2018,12,12,0.28,6.3
2018,12,13,-0.38,5.66
2018,12,14,0.57,6.63
2018,12,15,-0.03,6.06
2018,12,16,0.08,6.2
2018,12,17,0.76,6.9
2018,12,18,0.44,6.6
2018,12,19,-0.23,5.96
2018,12,20,-0.36,5.85
2018,12,21,-0.3,5.94
2018,12,22,-0.03,6.23
2018,12,23,-0.27,6.02
2018,12,24,-0.39,5.92
2018,12,25,0.24,6.58
2018,12,26,-0.33,6.03
2018,12,27,0.5,6.89
2018,12,28,-0.29,6.13
2018,12,29,0.29,6.73
2018,12,30,-0.22,6.25
2018,12,31,-0.01,6.48
2019,1,1,-0.52,6.0
2019,1,2,-0.57,5.98
2019,1,3,-0.11,6.47
2019,1,4,0.08,6.68
2019,1,5,-0.25,6.38
2019,1,6,-0.7,5.95
2019,1,7,-0.72,5.96
2019,1,8,-0.73,5.98
2019,1,9,-0.83,5.9
2019,1,10,-0.15,6.6
2019,1,11,0.22,7.0
2019,1,12,-0.16,6.65
2019,1,13,-0.92,5.92
2019,1,14,-0.17,6.69
2019,1,15,-0.13,6.76
2019,1,16,0.7,7.6
2019,1,17,-0.51,6.42
2019,1,18,-0.1,6.85
2019,1,19,0.67,7.65
2019,1,20,0.27,7.27
2019,1,21,0.35,7.38
2019,1,22,0.24,7.29
2019,1,23,0.36,7.44
2019,1,24,0.57,7.67
2019,1,25,0.06,7.19
2019,1,26,0.71,7.86
2019,1,27,-0.03,7.15
2019,1,28,0.63,7.82
2019,1,29,0.64,7.85
2019,1,30,0.42,7.66
2019,1,31,0.69,7.95
2019,2,1,0.55,7.83
2019,2,2,0.46,7.76
2019,2,3,0.78,8.11
2019,2,4,0.59,7.94
2019,2,5,1.16,8.53
2019,2,6,0.72,8.11
2019,2,7,1.45,8.86
2019,2,8,0.87,8.3
2019,2,9,1.16,8.62
2019,2,10,1.23,8.7
2019,2,11,2.0,9.49
2019,2,12,1.73,9.25
2019,2,13,1.63,9.16
2019,2,14,1.97,9.52
2019,2,15,1.15,8.72
2019,2,16,1.97,9.55
2019,2,17,2.78,10.38
2019,2,18,2.22,9.84
2019,2,19,2.3,9.94
2019,2,20,2.57,10.22
2019,2,21,2.79,10.46
2019,2,22,1.88,9.57
2019,2,23,2.1,9.8
2019,2,24,2.86,10.58
2019,2,25,2.65,10.38
2019,2,26,3.47,11.21
2019,2,27,3.01,10.77
2019,2,28,2.55,10.33
2019,3,1,2.9,10.69
2019,3,2,2.49,10.3
2019,3,3,3.49,11.3
2019,3,4,3.62,11.45
2019,3,5,3.66,11.5
2019,3,6,4.3,12.15
2019,3,7,4.47,12.33
2019,3,8,4.11,11.98
2019,3,9,3.54,11.42
2019,3,10,4.63,12.52
2019,3,11,4.73,12.63
2019,3,12,4.77,12.68
2019,3,13,5.13,13.05
2019,3,14,4.51,12.43
2019,3,15,5.74,13.68
2019,3,16,4.83,12.77
2019,3,17,5.56,13.51
2019,3,18,4.84,12.79
2019,3,19,5.23,13.19
2019,3,20,6.22,14.18
2019,3,21,5.73,13.7
2019,3,22,6.24,14.22
2019,3,23,6.17,14.15
2019,3,24,6.18,14.16
2019,3,25,6.83,14.81
2019,3,26,6.4,14.39
2019,3,27,5.99,13.99
2019,3,28,6.47,14.46
2019,3,29,7.08,15.07
2019,3,30,7.16,15.16
2019,3,31,6.6,14.6
2019,4,1,7.03,15.03
2019,4,2,7.22,15.22
2019,4,3,7.43,15.43
2019,4,4,7.21,15.21
2019,4,5,7.61,15.6
2019,4,6,7.71,15.7
2019,4,7,8.37,16.36
2019,4,8,8.51,16.5
2019,4,9,8.31,16.3
2019,4,10,8.36,16.35
2019,4,11,8.68,16.66
2019,4,12,8.48,16.46
2019,4,13,8.5,16.47
2019,4,14,8.7,16.67
2019,4,15,8.94,16.9
2019,4,16,8.89,16.84
2019,4,17,9.48,17.43
2019,4,18,9.81,17.75
2019,4,19,9.13,17.06
2019,4,20,9.83,17.75
2019,4,21,9.87,17.78
2019,4,22,10.19,18.1
2019,4,23,10.2,18.09
2019,4,24,9.82,17.71
2019,4,25,10.01,17.89
2019,4,26,10.59,18.46
2019,4,27,11.06,18.92
2019,4,28,10.05,17.9
2019,4,29,11.07,18.9
2019,4,30,11.49,19.31
2019,5,1,11.14,18.95
2019,5,2,11.5,19.3
2019,5,3,11.18,18.96
2019,5,4,11.5,19.27
2019,5,5,11.09,18.85
2019,5,6,10.95,18.7
2019,5,7,12.22,19.94
2019,5,8,11.66,19.37
2019,5,9,11.95,19.65
2019,5,10,11.73,19.41
2019,5,11,11.83,19.5
2019,5,12,12.37,20.02
2019,5,13,12.28,19.91
2019,5,14,12.78,20.39
2019,5,15,12.9,20.5
2019,5,16,12.96,20.54
2019,5,17,13.03,20.59
2019,5,18,13.59,21.14
2019,5,19,12.76,20.29
2019,5,20,13.21,20.72
2019,5,21,13.72,21.21
2019,5,22,13.86,21.32
2019,5,23,13.01,20.45
2019,5,24,13.48,20.91
2019,5,25,14.15,21.56
2019,5,26,13.94,21.32
2019,5,27,13.91,21.27
2019,5,28,13.85,21.19
2019,5,29,13.87,21.19
2019,5,30,14.18,21.48
2019,5,31,14.06,21.34
2019,6,1,14.21,21.46
2019,6,2,14.32,21.55
2019,6,3,14.13,21.33
2019,6,4,14.62,21.8
2019,6,5,15.51,22.68
2019,6,6,13.93,21.07
2019,6,7,14.73,21.85
2019,6,8,14.41,21.5
2019,6,9,14.93,22.0
2019,6,10,14.8,21.85
2019,6,11,15.1,22.12
2019,6,12,15.3,22.29
2019,6,13,15.0,21.97
2019,6,14,15.37,22.32
2019,6,15,14.2,21.12
2019,6,16,15.62,22.52
2019,6,17,15.23,22.11
2019,6,18,15.51,22.36
2019,6,19,14.74,21.57
2019,6,20,14.91,21.71
2019,6,21,15.28,22.06
2019,6,22,15.25,22.0
2019,6,23,15.38,22.11
2019,6,24,15.69,22.38
2019,6,25,14.71,21.38
2019,6,26,15.69,22.33
2019,6,27,15.37,21.99
2019,6,28,15.31,21.9
2019,6,29,14.87,21.44
2019,6,30,15.57,22.12
2019,7,1,14.56,21.08
2019,7,2,15.64,22.13
2019,7,3,14.89,21.35
2019,7,4,15.43,21.87
2019,7,5,15.37,21.78
2019,7,6,15.81,22.2
2019,7,7,15.33,21.7
2019,7,8,15.14,21.48
2019,7,9,15.2,21.51
2019,7,10,15.81,22.09
2019,7,11,15.53,21.79
2019,7,12,15.19,21.42
2019,7,13,15.22,21.43
2019,7,14,14.73,20.92
2019,7,15,15.39,21.55
2019,7,16,14.61,20.74
2019,7,17,15.46,21.57
2019,7,18,15.21,21.29
2019,7,19,15.97,22.02
2019,7,20,14.71,20.74
2019,7,21,15.02,21.03
2019,7,22,15.64,21.63
2019,7,23,15.39,21.35
2019,7,24,14.68,20.62
2019,7,25,14.95,20.87
2019,7,26,14.83,20.72
2019,7,27,14.87,20.74
2019,7,28,14.48,20.32
2019,7,29,14.63,20.45
2019,7,30,14.05,19.84
2019,7,31,14.59,20.37
2019,8,1,14.64,20.39
2019,8,2,14.34,20.07
2019,8,3,13.78,19.49
2019,8,4,14.63,20.31
2019,8,5,14.34,20.0
2019,8,6,13.88,19.53
2019,8,7,13.97,19.59
2019,8,8,13.46,19.06
2019,8,9,13.55,19.13
2019,8,10,13.64,19.2
2019,8,11,14.18,19.72
2019,8,12,13.44,18.96
2019,8,13,13.8,19.3
2019,8,14,13.3,18.78
2019,8,15,13.49,18.95
2019,8,16,13.26,18.7
2019,8,17,13.52,18.95
2019,8,18,12.93,18.34
2019,8,19,12.47,17.87
2019,8,20,12.44,17.82
2019,8,21,12.64,18.0
2019,8,22,12.29,17.63
2019,8,23,12.77,18.09
2019,8,24,12.36,17.67
2019,8,25,13.25,18.54
2019,8,26,11.7,16.98
2019,8,27,12.27,17.53
2019,8,28,11.7,16.94
2019,8,29,11.81,17.04
2019,8,30,11.92,17.14
2019,8,31,10.94,16.15
2019,9,1,11.72,16.92
2019,9,2,12.19,17.37
2019,9,3,11.25,16.42
2019,9,4,11.38,16.54
2019,9,5,11.53,16.67
2019,9,6,10.99,16.13
2019,9,7,10.72,15.85
2019,9,8,10.01,15.12
2019,9,9,10.91,16.01
2019,9,10,10.52,15.61
2019,9,11,10.08,15.17
2019,9,12,10.35,15.43
2019,9,13,9.98,15.05
2019,9,14,9.87,14.93
2019,9,15,10.14,15.19
2019,9,16,9.33,14.38
2019,9,17,10.03,15.07
2019,9,18,9.05,14.08
2019,9,19,9.17,14.2
2019,9,20,9.95,14.97
2019,9,21,9.53,14.56
2019,9,22,9.04,14.06
2019,9,23,8.55,13.56
2019,9,24,8.56,13.57
2019,9,25,8.63,13.64
2019,9,26,8.49,13.49
2019,9,27,8.31,13.31
2019,9,28,8.2,13.2
2019,9,29,8.0,13.0
2019,9,30,7.43,12.43
2019,10,1,7.62,12.62
2019,10,2,7.99,12.99
2019,10,3,7.05,12.05
2019,10,4,7.33,12.33
2019,10,5,6.98,11.98
2019,10,6,7.17,12.17
2019,10,7,6.86,11.87
2019,10,8,7.38,12.39
2019,10,9,6.9,11.92
2019,10,10,6.13,11.15
2019,10,11,6.69,11.71
2019,10,12,6.05,11.08
2019,10,13,5.99,11.02
2019,10,14,6.17,11.21
2019,10,15,5.75,10.8
2019,10,16,6.11,11.16
2019,10,17,5.39,10.45
2019,10,18,5.32,10.38
2019,10,19,5.17,10.24
2019,10,20,5.08,10.16
2019,10,21,5.53,10.62
2019,10,22,5.24,10.33
2019,10,23,5.49,10.6
2019,10,24,5.56,10.67
2019,10,25,4.28,9.4
2019,10,26,4.54,9.68
2019,10,27,3.98,9.13
2019,10,28,3.99,9.15
2019,10,29,3.92,9.1
2019,10,30,3.65,8.84
2019,10,31,3.54,8.73
2019,11,1,3.74,8.94
2019,11,2,3.24,8.46
2019,11,3,3.85,9.08
2019,11,4,3.12,8.37
2019,11,5,4.31,9.57
2019,11,6,3.05,8.33
2019,11,7,3.12,8.42
2019,11,8,2.53,7.84
2019,11,9,3.48,8.8
2019,11,10,3.16,8.51
2019,11,11,2.77,8.13
2019,11,12,2.09,7.47
2019,11,13,2.53,7.93
2019,11,14,1.96,7.37
2019,11,15,2.77,8.2
2019,11,16,2.44,7.89
2019,11,17,2.1,7.56
2019,11,18,1.11,6.6
2019,11,19,1.53,7.03
2019,11,20,2.02,7.54
2019,11,21,2.12,7.66
2019,11,22,1.99,7.55
2019,11,23,0.96,6.54
2019,11,24,1.54,7.14
2019,11,25,1.7,7.33
2019,11,26,0.69,6.33
2019,11,27,1.18,6.85
2019,11,28,1.21,6.89
2019,11,29,0.93,6.64
2019,11,30,0.31,6.04
2019,12,1,0.78,6.53
2019,12,2,0.71,6.48
2019,12,3,0.7,6.5
2019,12,4,0.49,6.31
2019,12,5,0.47,6.31
2019,12,6,0.55,6.42
2019,12,7,0.66,6.55
2019,12,8,0.34,6.25
2019,12,9,0.25,6.19
2019,12,10,0.37,6.33
2019,12,11,-0.39,5.6
2019,12,12,0.4,6.42
2019,12,13,0.19,6.23
2019,12,14,0.16,6.22
2019,12,15,0.44,6.53
2019,12,16,-0.62,5.49
2019,12,17,-0.67,5.47
2019,12,18,0.09,6.25
2019,12,19,-0.05,6.14
2019,12,20,-0.02,6.2
2019,12,21,-0.27,5.97
2019,12,22,0.1,6.36
2019,12,23,0.17,6.46
2019,12,24,-0.01,6.31
2019,12,25,-0.29,6.05
2019,12,26,-0.95,5.41
2019,12,27,0.04,6.43
2019,12,28,0.19,6.6
2019,12,29,-0.03,6.42
2019,12,30,-0.57,5.9
2019,12,31,-0.03,6.46
2020,1,1,0.11,6.64
2020,1,2,0.35,6.91
2020,1,3,-0.5,6.08
2020,1,4,-0.26,6.34
2020,1,5,0.08,6.71
2020,1,6,-0.15,6.5
2020,1,7,-0.55,6.13
2020,1,8,-0.0,6.7
2020,1,9,0.07,6.8
2020,1,10,-0.08,6.67
2020,1,11,-0.02,6.77
2020,1,12,-0.16,6.65
2020,1,13,0.47,7.3
2020,1,14,-0.33,6.52
2020,1,15,-0.19,6.69
2020,1,16,0.05,6.95
2020,1,17,0.38,7.32
2020,1,18,-0.41,6.54
2020,1,19,-0.31,6.67
2020,1,20,-0.52,6.48
2020,1,21,0.24,7.28
2020,1,22,-0.11,6.94
2020,1,23,0.19,7.27
2020,1,24,0.61,7.71
2020,1,25,0.2,7.33
2020,1,26,0.56,7.71
2020,1,27,0.43,7.6
2020,1,28,0.83,8.02
2020,1,29,0.82,8.04
2020,1,30,0.47,7.71
2020,1,31,0.72,7.98
2020,2,1,1.21,8.49
2020,2,2,1.05,8.36
2020,2,3,0.49,7.82
2020,2,4,1.28,8.63
2020,2,5,0.75,8.12
2020,2,6,1.7,9.09
2020,2,7,1.64,9.05
2020,2,8,1.46,8.9
2020,2,9,1.5,8.95
2020,2,10,1.45,8.93
2020,2,11,1.85,9.34
2020,2,12,1.57,9.08
2020,2,13,1.87,9.4
2020,2,14,2.18,9.73
2020,2,15,1.77,9.34
2020,2,16,1.85,9.43
2020,2,17,1.74,9.34
2020,2,18,1.88,9.5
2020,2,19,1.71,9.35
2020,2,20,2.71,10.36
2020,2,21,3.19,10.86
2020,2,22,3.16,10.85
2020,2,23,2.2,9.9
2020,2,24,3.13,10.84
2020,2,25,3.48,11.21
2020,2,26,2.93,10.67
2020,2,27,3.23,10.99
2020,2,28,2.61,10.38
2020,2,29,3.52,11.3
2020,3,1,3.17,10.97
2020,3,2,3.72,11.54
2020,3,3,3.22,11.05
2020,3,4,4.08,11.91
2020,3,5,4.36,12.21
2020,3,6,3.85,11.71
2020,3,7,3.85,11.72
2020,3,8,3.61,11.5
2020,3,9,4.4,12.29
2020,3,10,4.41,12.31
2020,3,11,4.2,12.11
2020,3,12,5.02,12.94
2020,3,13,4.84,12.76
2020,3,14,4.74,12.68
2020,3,15,5.05,13.0
2020,3,16,5.75,13.7
2020,3,17,5.72,13.67
2020,3,18,5.59,13.55
2020,3,19,5.98,13.95
2020,3,20,5.49,13.46
2020,3,21,6.04,14.02
2020,3,22,6.21,14.19
2020,3,23,6.13,14.12
2020,3,24,6.58,14.57
2020,3,25,6.29,14.28
2020,3,26,6.87,14.87
2020,3,27,7.02,15.02
2020,3,28,5.94,13.94
2020,3,29,7.51,15.51
2020,3,30,6.17,14.17
2020,3,31,7.15,15.15
2020,4,1,7.86,15.86
2020,4,2,7.53,15.53
2020,4,3,7.26,15.26
2020,4,4,7.52,15.52
2020,4,5,8.4,16.4
2020,4,6,7.5,15.5
2020,4,7,8.71,16.7
2020,4,8,8.43,16.41
2020,4,9,8.16,16.14
2020,4,10,8.51,16.49
2020,4,11,8.49,16.46
2020,4,12,9.28,17.25
2020,4,13,9.37,17.33
2020,4,14,8.64,16.6
2020,4,15,9.23,17.19
2020,4,16,9.21,17.15
2020,4,17,10.09,18.03
2020,4,18,9.3,17.23
2020,4,19,10.46,18.38
2020,4,20,10.02,17.93
2020,4,21,9.75,17.65
2020,4,22,10.05,17.94
2020,4,23,10.13,18.02
2020,4,24,10.09,17.97
2020,4,25,10.69,18.56
2020,4,26,10.35,18.21
2020,4,27,10.14,17.99
2020,4,28,10.9,18.73
2020,4,29,10.52,18.34
2020,4,30,11.01,18.82
2020,5,1,11.07,18.87
2020,5,2,11.2,18.99
2020,5,3,12.33,20.09
2020,5,4,11.76,19.52
2020,5,5,11.94,19.68
2020,5,6,11.35,19.07
2020,5,7,11.85,19.56
2020,5,8,12.27,19.96
2020,5,9,11.94,19.62
2020,5,10,12.73,20.39
2020,5,11,12.09,19.74
2020,5,12,12.52,20.15
2020,5,13,12.52,20.13
2020,5,14,12.88,20.48
2020,5,15,12.7,20.28
2020,5,16,12.93,20.49
2020,5,17,13.04,20.58
2020,5,18,12.96,20.48
2020,5,19,13.48,20.99
2020,5,20,13.49,20.97
2020,5,21,13.46,20.93
2020,5,22,13.43,20.88
2020,5,23,13.95,21.38
2020,5,24,13.67,21.08
2020,5,25,13.73,21.12
2020,5,26,13.96,21.32
2020,5,27,14.6,21.94
2020,5,28,13.61,20.93
2020,5,29,14.43,21.72
2020,5,30,13.57,20.85
2020,5,31,14.38,21.63
2020,6,1,14.93,22.16
2020,6,2,14.61,21.82
2020,6,3,14.57,21.75
2020,6,4,14.38,21.54
2020,6,5,14.65,21.79
2020,6,6,14.61,21.72
2020,6,7,14.48,21.57
2020,6,8,14.71,21.78
2020,6,9,14.93,21.98
2020,6,10,14.65,21.67
2020,6,11,14.68,21.68
2020,6,12,14.54,21.51
2020,6,13,15.19,22.14
2020,6,14,15.29,22.22
2020,6,15,15.22,22.12
2020,6,16,15.52,22.39
2020,6,17,15.25,22.1
2020,6,18,15.39,22.21
2020,6,19,15.39,22.19
2020,6,20,15.28,22.05
2020,6,21,15.15,21.9
2020,6,22,16.14,22.86
2020,6,23,15.23,21.93
2020,6,24,15.18,21.85
2020,6,25,15.58,22.22
2020,6,26,15.53,22.15
2020,6,27,14.97,21.56
2020,6,28,15.86,22.43
2020,6,29,15.44,21.99
2020,6,30,15.1,21.61
2020,7,1,15.9,22.4
2020,7,2,15.71,22.17
2020,7,3,15.05,21.49
2020,7,4,16.11,22.52
2020,7,5,15.71,22.1
2020,7,6,15.47,21.83
2020,7,7,16.02,22.36
2020,7,8,15.51,21.82
2020,7,9,15.43,21.72
2020,7,10,15.19,21.45
2020,7,11,15.61,21.84
2020,7,12,15.55,21.76
2020,7,13,15.37,21.55
2020,7,14,15.06,21.22
2020,7,15,15.35,21.49
2020,7,16,15.25,21.36
2020,7,17,14.78,20.86
2020,7,18,14.7,20.75
2020,7,19,15.37,21.41
2020,7,20,14.22,20.23
2020,7,21,15.17,21.15
2020,7,22,14.88,20.84
2020,7,23,15.46,21.4
2020,7,24,14.78,20.7
2020,7,25,15.14,21.03
2020,7,26,14.72,20.58
2020,7,27,14.84,20.68
2020,7,28,15.0,20.82
2020,7,29,14.52,20.32
2020,7,30,14.97,20.75
2020,7,31,14.21,19.97
2020,8,1,14.6,20.33
2020,8,2,14.75,20.46
2020,8,3,14.59,20.28
2020,8,4,14.96,20.63
2020,8,5,13.95,19.59
2020,8,6,13.66,19.28
2020,8,7,13.72,19.32
2020,8,8,14.22,19.8
2020,8,9,14.08,19.64
2020,8,10,13.86,19.4
2020,8,11,13.35,18.87
2020,8,12,13.92,19.43
2020,8,13,13.14,18.62
2020,8,14,13.88,19.35
2020,8,15,14.39,19.83
2020,8,16,13.42,18.85
2020,8,17,13.4,18.81
2020,8,18,12.93,18.32
2020,8,19,12.37,17.75
2020,8,20,12.7,18.05
2020,8,21,12.42,17.76
2020,8,22,12.2,17.52
2020,8,23,13.2,18.51
2020,8,24,12.59,17.88
2020,8,25,12.52,17.8
2020,8,26,12.17,17.44
2020,8,27,12.11,17.36
2020,8,28,12.4,17.63
2020,8,29,11.94,17.16
2020,8,30,12.02,17.23
2020,8,31,11.65,16.85
2020,9,1,11.48,16.67
2020,9,2,10.99,16.16
2020,9,3,10.68,15.83
2020,9,4,11.16,16.3
2020,9,5,11.15,16.28
2020,9,6,10.56,15.68
2020,9,7,10.87,15.99
2020,9,8,10.78,15.89
2020,9,9,9.88,14.98
2020,9,10,10.19,15.28
2020,9,11,10.53,15.61
2020,9,12,10.39,15.47
2020,9,13,9.73,14.79
2020,9,14,10.06,15.12
2020,9,15,10.23,15.28
2020,9,16,10.02,15.06
2020,9,17,9.58,14.62
2020,9,18,9.32,14.35
2020,9,19,9.13,14.16
2020,9,20,9.38,14.41
2020,9,21,9.16,14.17
2020,9,22,9.18,14.19
2020,9,23,8.87,13.88
2020,9,24,8.98,13.98
2020,9,25,8.59,13.59
2020,9,26,8.7,13.7
2020,9,27,8.59,13.59
2020,9,28,7.87,12.87
2020,9,29,7.38,12.38
2020,9,30,8.42,13.42
2020,10,1,7.84,12.84
2020,10,2,7.01,12.01
2020,10,3,7.23,12.23
2020,10,4,7.61,12.62
2020,10,5,7.11,12.12
2020,10,6,6.89,11.9
2020,10,7,7.43,12.44
2020,10,8,6.44,11.45
2020,10,9,6.39,11.41
2020,10,10,6.61,11.63
2020,10,11,6.54,11.57
2020,10,12,6.44,11.48
2020,10,13,6.46,11.49
2020,10,14,6.08,11.12
2020,10,15,6.05,11.1
2020,10,16,5.65,10.71
2020,10,17,5.63,10.7
2020,10,18,5.52,10.59
2020,10,19,5.43,10.51
2020,10,20,5.5,10.58
2020,10,21,5.29,10.39
2020,10,22,4.99,10.09
2020,10,23,4.56,9.68
2020,10,24,4.74,9.87
2020,10,25,4.58,9.72
2020,10,26,4.54,9.69
2020,10,27,5.12,10.28
2020,10,28,4.04,9.21
2020,10,29,4.25,9.44
2020,10,30,4.36,9.55
2020,10,31,3.9,9.11
2020,11,1,4.57,9.79
2020,11,2,3.5,8.74
2020,11,3,3.63,8.88
2020,11,4,3.12,8.39
2020,11,5,3.17,8.45
2020,11,6,3.27,8.56
2020,11,7,3.36,8.67
2020,11,8,3.07,8.4
2020,11,9,3.29,8.63
2020,11,10,2.71,8.07
2020,11,11,2.53,7.9
2020,11,12,3.48,8.88
2020,11,13,2.57,7.99
2020,11,14,2.09,7.51
2020,11,15,2.0,7.44
2020,11,16,1.81,7.28
2020,11,17,2.37,7.86
2020,11,18,1.83,7.33
2020,11,19,1.91,7.43
2020,11,20,1.75,7.29
2020,11,21,1.94,7.5
2020,11,22,1.3,6.88
2020,11,23,1.13,6.74
2020,11,24,1.51,7.13
2020,11,25,1.56,7.2
2020,11,26,1.38,7.05
2020,11,27,0.91,6.6
2020,11,28,1.35,7.06
2020,11,29,0.78,6.51
2020,11,30,0.79,6.54
2020,12,1,0.57,6.35
2020,12,2,1.29,7.09
2020,12,3,0.99,6.81
2020,12,4,0.91,6.76
2020,12,5,1.08,6.95
2020,12,6,1.57,7.46
2020,12,7,-0.07,5.84
2020,12,8,0.21,6.15
2020,12,9,0.2,6.16
2020,12,10,0.07,6.06
2020,12,11,-0.06,5.95
2020,12,12,0.17,6.2
2020,12,13,-0.2,5.86
2020,12,14,0.3,6.39
2020,12,15,0.16,6.27
2020,12,16,0.27,6.41
2020,12,17,0.25,6.41
2020,12,18,0.25,6.43
2020,12,19,-0.13,6.09
2020,12,20,0.72,6.96
2020,12,21,0.03,6.29
2020,12,22,-0.73,5.56
2020,12,23,-0.45,5.87
2020,12,24,-0.73,5.61
2020,12,25,-0.13,6.24
2020,12,26,-0.19,6.2
2020,12,27,-0.33,6.09
2020,12,28,0.53,6.97
2020,12,29,0.01,6.48
2020,12,30,0.07,6.56
2020,12,31,-0.52,6.0
2021,1,1,-0.46,6.07
2021,1,2,-0.1,6.45
2021,1,3,-0.05,6.53
2021,1,4,-0.76,5.85
2021,1,5,-0.16,6.47
2021,1,6,-0.09,6.57
2021,1,7,-0.15,6.53
2021,1,8,-0.35,6.35
2021,1,9,-0.24,6.49
2021,1,10,-0.09,6.66
2021,1,11,0.02,6.8
2021,1,12,0.22,7.03
2021,1,13,0.41,7.25
2021,1,14,-0.04,6.82
2021,1,15,-0.07,6.81
2021,1,16,0.28,7.18
2021,1,17,0.37,7.3
2021,1,18,0.04,7.0
2021,1,19,0.51,7.49
2021,1,20,0.61,7.62
2021,1,21,0.77,7.8
2021,1,22,0.98,8.03
2021,1,23,0.1,7.18
2021,1,24,0.46,7.56
2021,1,25,0.51,7.64
2021,1,26,0.53,7.67
2021,1,27,0.39,7.56
2021,1,28,0.15,7.35
2021,1,29,0.77,7.98
2021,1,30,0.53,7.77
2021,1,31,0.89,8.15
2021,2,1,0.65,7.93
2021,2,2,0.61,7.91
2021,2,3,1.14,8.47
2021,2,4,1.19,8.54
2021,2,5,1.41,8.78
2021,2,6,2.05,9.44
2021,2,7,1.46,8.87
2021,2,8,1.61,9.04
2021,2,9,1.15,8.6
2021,2,10,1.16,8.63
2021,2,11,2.25,9.74
2021,2,12,1.46,8.97
2021,2,13,1.5,9.03
2021,2,14,1.94,9.49
2021,2,15,2.02,9.59
2021,2,16,1.83,9.41
2021,2,17,2.13,9.73
2021,2,18,2.77,10.39
2021,2,19,2.15,9.79
2021,2,20,2.05,9.7
2021,2,21,2.97,10.64
2021,2,22,2.91,10.6
2021,2,23,2.63,10.33
2021,2,24,2.4,10.11
2021,2,25,2.8,10.53
2021,2,26,3.15,10.9
2021,2,27,3.69,11.45
2021,2,28,3.03,10.8
2021,3,1,3.47,11.26
2021,3,2,3.85,11.65
2021,3,3,2.9,10.71
2021,3,4,4.21,12.04
2021,3,5,3.55,11.39
2021,3,6,4.2,12.05
2021,3,7,4.29,12.15
2021,3,8,4.71,12.58
2021,3,9,4.64,12.52
2021,3,10,3.74,11.63
2021,3,11,4.42,12.32
2021,3,12,4.87,12.78
2021,3,13,4.88,12.8
2021,3,14,5.24,13.17
2021,3,15,5.48,13.41
2021,3,16,5.54,13.48
2021,3,17,5.38,13.33
2021,3,18,4.94,12.89
2021,3,19,5.56,13.52
2021,3,20,5.99,13.96
2021,3,21,5.6,13.57
2021,3,22,6.33,14.31
2021,3,23,6.56,14.54
2021,3,24,6.42,14.4
2021,3,25,5.44,13.42
2021,3,26,6.19,14.19
2021,3,27,7.44,15.43
2021,3,28,6.72,14.71
2021,3,29,6.35,14.35
2021,3,30,7.61,15.61
2021,3,31,7.32,15.32
2021,4,1,7.83,15.83
2021,4,2,7.68,15.68
2021,4,3,7.88,15.88
2021,4,4,7.98,15.98
2021,4,5,8.23,16.23
2021,4,6,8.92,16.91
2021,4,7,8.6,16.59
2021,4,8,7.84,15.83
2021,4,9,8.68,16.67
2021,4,10,9.06,17.04
2021,4,11,9.21,17.19
2021,4,12,8.78,16.75
2021,4,13,9.47,17.44
2021,4,14,9.52,17.48
2021,4,15,10.22,18.18
2021,4,16,9.19,17.15
2021,4,17,9.41,17.36
2021,4,18,9.61,17.55
2021,4,19,9.68,17.61
2021,4,20,9.67,17.59
2021,4,21,9.14,17.05
2021,4,22,10.08,17.99
2021,4,23,10.49,18.39
2021,4,24,10.32,18.2
2021,4,25,11.29,19.17
2021,4,26,10.74,18.61
2021,4,27,11.32,19.17
2021,4,28,11.08,18.92
2021,4,29,11.4,19.23
2021,4,30,11.33,19.15
2021,5,1,11.83,19.64
2021,5,2,11.49,19.29
2021,5,3,11.76,19.54
2021,5,4,11.83,19.6
2021,5,5,11.72,19.47
2021,5,6,12.08,19.82
2021,5,7,12.83,20.56
2021,5,8,12.07,19.78
2021,5,9,12.42,20.11
2021,5,10,12.82,20.5
2021,5,11,12.89,20.55
2021,5,12,12.6,20.25
2021,5,13,11.87,19.5
2021,5,14,12.98,20.6
2021,5,15,12.13,19.72
2021,5,16,13.52,21.1
2021,5,17,13.16,20.72
2021,5,18,13.55,21.09
2021,5,19,12.98,20.51
2021,5,20,12.85,20.35
2021,5,21,13.58,21.06
2021,5,22,13.56,21.03
2021,5,23,13.49,20.94
2021,5,24,13.78,21.21
2021,5,25,14.81,22.21
2021,5,26,14.21,21.6
2021,5,27,14.37,21.73
2021,5,28,14.38,21.72
2021,5,29,14.68,22.0
2021,5,30,14.17,21.47
2021,5,31,13.59,20.87
2021,6,1,14.32,21.57
2021,6,2,14.74,21.97
2021,6,3,14.18,21.39
2021,6,4,14.53,21.71
2021,6,5,14.41,21.57
2021,6,6,15.24,22.38
2021,6,7,15.04,22.15
2021,6,8,15.06,22.15
2021,6,9,15.11,22.18
2021,6,10,14.93,21.98
2021,6,11,15.06,22.09
2021,6,12,14.63,21.63
2021,6,13,14.33,21.3
2021,6,14,15.19,22.14
2021,6,15,15.29,22.22
2021,6,16,15.65,22.54
2021,6,17,15.81,22.68
2021,6,18,15.85,22.7
2021,6,19,14.98,21.81
2021,6,20,15.24,22.04
2021,6,21,15.56,22.33
2021,6,22,16.31,23.05
2021,6,23,15.96,22.69
2021,6,24,15.86,22.56
2021,6,25,15.35,22.02
2021,6,26,15.2,21.84
2021,6,27,15.8,22.42
2021,6,28,15.15,21.75
2021,6,29,15.47,22.03
2021,6,30,15.52,22.06
2021,7,1,16.12,22.64
2021,7,2,15.44,21.94
2021,7,3,14.72,21.18
2021,7,4,15.75,22.19
2021,7,5,15.32,21.74
2021,7,6,15.58,21.97
2021,7,7,15.53,21.89
2021,7,8,15.45,21.79
2021,7,9,15.81,22.12
2021,7,10,14.98,21.27
2021,7,11,15.32,21.58
2021,7,12,15.73,21.96
2021,7,13,15.25,21.46
2021,7,14,14.88,21.06
2021,7,15,15.65,21.81
2021,7,16,15.78,21.91
2021,7,17,15.34,21.45
2021,7,18,14.64,20.72
2021,7,19,15.54,21.6
2021,7,20,14.67,20.71
2021,7,21,15.32,21.33
2021,7,22,14.86,20.85
2021,7,23,14.72,20.68
2021,7,24,14.93,20.87
2021,7,25,14.97,20.89
2021,7,26,14.76,20.65
2021,7,27,15.14,21.01
2021,7,28,14.72,20.57
2021,7,29,15.17,20.99
2021,7,30,14.86,20.66
2021,7,31,14.46,20.23
2021,8,1,14.34,20.09
2021,8,2,14.0,19.73
2021,8,3,14.61,20.32
2021,8,4,14.32,20.0
2021,8,5,13.54,19.2
2021,8,6,14.11,19.75
2021,8,7,13.91,19.53
2021,8,8,14.7,20.3
2021,8,9,13.47,19.05
2021,8,10,13.48,19.04
2021,8,11,14.29,19.83
2021,8,12,14.3,19.82
2021,8,13,13.48,18.98
2021,8,14,13.43,18.91
2021,8,15,13.77,19.24
2021,8,16,12.65,18.1
2021,8,17,12.72,18.15
2021,8,18,13.18,18.59
2021,8,19,13.73,19.12
2021,8,20,12.93,18.31
2021,8,21,13.02,18.38
2021,8,22,13.28,18.62
2021,8,23,13.52,18.85
2021,8,24,12.48,17.79
2021,8,25,12.57,17.86
2021,8,26,13.11,18.38
2021,8,27,11.83,17.09
2021,8,28,12.61,17.86
2021,8,29,11.78,17.02
2021,8,30,12.06,17.28
2021,8,31,11.83,17.04
2021,9,1,11.46,16.66
2021,9,2,11.34,16.52
2021,9,3,11.66,16.83
2021,9,4,11.8,16.96
2021,9,5,11.28,16.43
2021,9,6,11.23,16.37
2021,9,7,11.29,16.41
2021,9,8,10.62,15.74
2021,9,9,11.1,16.21
2021,9,10,11.0,16.1
2021,9,11,11.5,16.59
2021,9,12,10.33,15.41
2021,9,13,10.18,15.25
2021,9,14,10.48,15.54
2021,9,15,10.37,15.43
2021,9,16,9.77,14.82
2021,9,17,9.68,14.73
2021,9,18,9.88,14.92
2021,9,19,9.27,14.31
2021,9,20,9.29,14.32
2021,9,21,9.33,14.35
2021,9,22,9.52,14.53
2021,9,23,8.82,13.84
2021,9,24,8.26,13.27
2021,9,25,8.1,13.11
2021,9,26,8.19,13.2
2021,9,27,8.04,13.04
2021,9,28,8.31,13.31
2021,9,29,7.82,12.82
2021,9,30,7.85,12.85
2021,10,1,7.69,12.69
2021,10,2,7.67,12.67
2021,10,3,8.16,13.16
2021,10,4,7.79,12.79
2021,10,5,7.43,12.43
2021,10,6,7.13,12.13
2021,10,7,7.0,12.01
2021,10,8,7.13,12.14
2021,10,9,7.09,12.1
2021,10,10,6.43,11.45
2021,10,11,6.63,11.65
2021,10,12,5.77,10.8
2021,10,13,6.42,11.46
2021,10,14,6.48,11.52
2021,10,15,5.99,11.03
2021,10,16,6.59,11.64
2021,10,17,5.51,10.57
2021,10,18,5.77,10.83
2021,10,19,5.55,10.62
2021,10,20,5.4,10.48
2021,10,21,5.26,10.35
2021,10,22,5.21,10.31
2021,10,23,5.35,10.45
2021,10,24,5.41,10.52
2021,10,25,4.8,9.92
2021,10,26,4.96,10.1
2021,10,27,4.3,9.45
2021,10,28,4.69,9.85
2021,10,29,4.04,9.21
2021,10,30,4.57,9.75
2021,10,31,4.84,10.03
2021,11,1,3.9,9.11
2021,11,2,3.06,8.28
2021,11,3,3.52,8.76
2021,11,4,4.03,9.28
2021,11,5,3.68,8.94
2021,11,6,3.46,8.74
2021,11,7,3.61,8.91
2021,11,8,3.32,8.63
2021,11,9,3.47,8.79
2021,11,10,3.25,8.6
2021,11,11,3.36,8.72
2021,11,12,2.85,8.22
2021,11,13,2.94,8.33
2021,11,14,2.41,7.82
2021,11,15,2.21,7.63
2021,11,16,2.92,8.36
2021,11,17,2.3,7.76
2021,11,18,2.41,7.89
2021,11,19,2.08,7.58
2021,11,20,1.74,7.26
2021,11,21,1.85,7.4
2021,11,22,2.27,7.83
2021,11,23,1.87,7.45
2021,11,24,0.99,6.6
2021,11,25,1.43,7.06
2021,11,26,2.05,7.7
2021,11,27,1.27,6.94
2021,11,28,0.64,6.33
2021,11,29,1.86,7.57
2021,11,30,1.36,7.09
2021,12,1,1.03,6.78
2021,12,2,0.85,6.63
2021,12,3,1.29,7.09
2021,12,4,0.66,6.48
2021,12,5,1.19,7.03
2021,12,6,0.91,6.78
2021,12,7,0.75,6.64
2021,12,8,0.66,6.57
2021,12,9,0.49,6.43
2021,12,10,0.86,6.83
2021,12,11,0.14,6.13
2021,12,12,-0.17,5.84
2021,12,13,0.56,6.6
2021,12,14,0.53,6.59
2021,12,15,0.43,6.52
2021,12,16,0.37,6.48
2021,12,17,0.07,6.21
2021,12,18,0.43,6.59
2021,12,19,0.1,6.29
2021,12,20,-0.09,6.13
2021,12,21,-0.05,6.18
2021,12,22,0.74,7.0
2021,12,23,-0.6,5.69
2021,12,24,0.16,6.47
2021,12,25,-0.62,5.71
2021,12,26,-0.09,6.27
2021,12,27,-0.22,6.17
2021,12,28,-0.81,5.6
2021,12,29,0.04,6.49
2021,12,30,-0.23,6.23
2021,12,31,-0.84,5.65
2022,1,1,0.26,6.79
2022,1,2,0.47,7.02
2022,1,3,0.49,7.07
2022,1,4,0.1,6.7
2022,1,5,-0.0,6.63
2022,1,6,0.45,7.11
2022,1,7,0.59,7.27
2022,1,8,0.41,7.12
2022,1,9,-0.3,6.43
2022,1,10,0.12,6.87
2022,1,11,0.22,7.0
2022,1,12,-0.54,6.26
2022,1,13,0.28,7.11
2022,1,14,0.94,7.79
2022,1,15,0.39,7.28
2022,1,16,0.72,7.63
2022,1,17,0.3,7.23
2022,1,18,0.25,7.2
2022,1,19,0.44,7.43
2022,1,20,0.07,7.07
2022,1,21,0.06,7.09
2022,1,22,0.88,7.94
2022,1,23,0.97,8.04
2022,1,24,0.19,7.29
2022,1,25,0.92,8.05
2022,1,26,0.61,7.76
2022,1,27,0.81,7.99
2022,1,28,0.91,8.11
2022,1,29,1.16,8.38
2022,1,30,0.9,8.14
2022,1,31,1.43,8.69
2022,2,1,1.11,8.4
2022,2,2,1.29,8.6
2022,2,3,0.85,8.18
2022,2,4,1.97,9.32
2022,2,5,1.45,8.82
2022,2,6,1.61,9.01
2022,2,7,0.88,8.29
2022,2,8,1.23,8.67
2022,2,9,2.04,9.49
2022,2,10,1.79,9.26
2022,2,11,1.1,8.59
2022,2,12,2.22,9.73
2022,2,13,1.76,9.29
2022,2,14,2.53,10.08
2022,2,15,2.1,9.67
2022,2,16,2.3,9.88
2022,2,17,2.73,10.33
2022,2,18,2.1,9.72
2022,2,19,2.17,9.8
2022,2,20,2.55,10.2
2022,2,21,3.01,10.68
2022,2,22,2.35,10.04
2022,2,23,2.34,10.04
2022,2,24,3.32,11.04
2022,2,25,2.93,10.66
2022,2,26,3.11,10.86
2022,2,27,2.71,10.47
2022,2,28,3.23,11.01
2022,3,1,3.58,11.37
2022,3,2,4.02,11.82
2022,3,3,3.54,11.36
2022,3,4,4.51,12.34
2022,3,5,3.81,11.64
2022,3,6,3.93,11.78
2022,3,7,4.82,12.68
2022,3,8,4.48,12.35
2022,3,9,4.34,12.22
2022,3,10,4.6,12.49
2022,3,11,5.25,13.15
2022,3,12,5.41,13.32
2022,3,13,4.74,12.66
2022,3,14,5.14,13.06
2022,3,15,5.31,13.25
2022,3,16,5.06,13.0
2022,3,17,5.52,13.47
2022,3,18,5.67,13.62
2022,3,19,6.2,14.16
2022,3,20,6.35,14.32
2022,3,21,5.94,13.91
2022,3,22,6.12,14.09
2022,3,23,6.55,14.54
2022,3,24,6.25,14.23
2022,3,25,6.79,14.78
2022,3,26,6.69,14.68
2022,3,27,6.52,14.51
2022,3,28,6.65,14.65
2022,3,29,7.63,15.63
2022,3,30,7.2,15.2
2022,3,31,7.97,15.97
2022,4,1,7.35,15.35
2022,4,2,7.76,15.76
2022,4,3,8.63,16.63
2022,4,4,7.56,15.56
2022,4,5,7.4,15.4
2022,4,6,8.65,16.65
2022,4,7,8.05,16.04
2022,4,8,8.46,16.45
2022,4,9,8.4,16.39
2022,4,10,8.83,16.82
2022,4,11,8.54,16.52
2022,4,12,8.94,16.92
2022,4,13,9.3,17.27
2022,4,14,8.92,16.88
2022,4,15,9.16,17.12
2022,4,16,9.41,17.37
2022,4,17,9.17,17.11
2022,4,18,9.65,17.59
2022,4,19,9.97,17.9
2022,4,20,9.92,17.84
2022,4,21,10.09,18.01
2022,4,22,10.31,18.21
2022,4,23,10.21,18.11
2022,4,24,10.81,18.7
2022,4,25,11.2,19.07
2022,4,26,10.66,18.52
2022,4,27,11.11,18.97
2022,4,28,10.98,18.83
2022,4,29,11.32,19.15
2022,4,30,11.86,19.68
2022,5,1,11.61,19.42
2022,5,2,10.93,18.73
2022,5,3,11.83,19.61
2022,5,4,12.22,19.99
2022,5,5,11.82,19.58
2022,5,6,12.36,20.1
2022,5,7,11.89,19.61
2022,5,8,11.72,19.43
2022,5,9,12.4,20.1
2022,5,10,11.85,19.53
2022,5,11,12.48,20.15
2022,5,12,13.12,20.77
2022,5,13,12.11,19.74
2022,5,14,12.44,20.05
2022,5,15,12.62,20.22
2022,5,16,13.06,20.64
2022,5,17,13.06,20.62
2022,5,18,13.77,21.31
2022,5,19,13.71,21.24
2022,5,20,13.65,21.15
2022,5,21,13.62,21.1
2022,5,22,13.79,21.26
2022,5,23,13.44,20.89
2022,5,24,14.13,21.56
2022,5,25,13.53,20.93
2022,5,26,14.29,21.68
2022,5,27,14.5,21.86
2022,5,28,14.24,21.58
2022,5,29,14.18,21.5
2022,5,30,14.46,21.76
2022,5,31,13.39,20.67
2022,6,1,14.57,21.82
2022,6,2,14.49,21.73
2022,6,3,14.58,21.79
2022,6,4,14.92,22.1
2022,6,5,14.71,21.87
2022,6,6,14.4,21.54
2022,6,7,14.81,21.92
2022,6,8,14.94,22.03
2022,6,9,15.01,22.08
2022,6,10,15.08,22.13
2022,6,11,15.44,22.46
2022,6,12,14.75,21.74
2022,6,13,15.23,22.21
2022,6,14,15.67,22.62
2022,6,15,14.65,21.58
2022,6,16,15.37,22.26
2022,6,17,15.14,22.01
2022,6,18,15.25,22.1
2022,6,19,15.09,21.92
2022,6,20,15.38,22.18
2022,6,21,16.12,22.89
2022,6,22,15.06,21.81
2022,6,23,15.12,21.84
2022,6,24,15.09,21.79
2022,6,25,16.17,22.84
2022,6,26,15.43,22.07
2022,6,27,15.59,22.21
2022,6,28,15.48,22.07
2022,6,29,15.3,21.87
2022,6,30,15.56,22.1
2022,7,1,16.5,23.02
2022,7,2,16.14,22.63
2022,7,3,15.35,21.82
2022,7,4,15.88,22.32
2022,7,5,15.36,21.77
2022,7,6,15.02,21.41
2022,7,7,15.99,22.35
2022,7,8,16.03,22.37
2022,7,9,15.98,22.29
2022,7,10,15.44,21.72
2022,7,11,15.53,21.79
2022,7,12,15.83,22.06
2022,7,13,15.68,21.89
2022,7,14,15.38,21.57
2022,7,15,14.93,21.09
2022,7,16,15.51,21.64
2022,7,17,15.82,21.92
2022,7,18,14.99,21.07
2022,7,19,15.59,21.65
2022,7,20,15.45,21.48
2022,7,21,15.56,21.57
2022,7,22,15.56,21.54
2022,7,23,14.97,20.93
2022,7,24,14.6,20.54
2022,7,25,14.93,20.84
2022,7,26,15.38,21.27
2022,7,27,14.82,20.69
2022,7,28,14.72,20.56
2022,7,29,14.27,20.09
2022,7,30,15.46,21.25
2022,7,31,15.07,20.85
2022,8,1,14.99,20.74
2022,8,2,15.0,20.72
2022,8,3,14.79,20.5
2022,8,4,14.44,20.12
2022,8,5,14.39,20.06
2022,8,6,14.23,19.87
2022,8,7,15.23,20.85
2022,8,8,14.42,20.02
2022,8,9,13.99,19.57
2022,8,10,14.23,19.79
2022,8,11,13.63,19.17
2022,8,12,14.43,19.95
2022,8,13,13.58,19.09
2022,8,14,13.9,19.39
2022,8,15,14.01,19.48
2022,8,16,13.68,19.13
2022,8,17,13.49,18.91
2022,8,18,13.36,18.77
2022,8,19,13.24,18.64
2022,8,20,12.97,18.34
2022,8,21,12.91,18.27
2022,8,22,13.48,18.82
2022,8,23,12.83,18.15
2022,8,24,12.49,17.79
2022,8,25,12.47,17.77
2022,8,26,12.93,18.21
2022,8,27,12.68,17.94
2022,8,28,12.53,17.78
2022,8,29,12.13,17.36
2022,8,30,12.31,17.53
2022,8,31,11.77,16.98
2022,9,1,11.79,16.98
2022,9,2,12.1,17.29
2022,9,3,11.95,17.12
2022,9,4,11.18,16.34
2022,9,5,11.11,16.26
2022,9,6,11.33,16.46
2022,9,7,11.77,16.9
2022,9,8,10.37,15.49
2022,9,9,11.02,16.12
2022,9,10,10.32,15.41
2022,9,11,10.45,15.54
2022,9,12,10.42,15.5
2022,9,13,10.27,15.34
2022,9,14,10.11,15.17
2022,9,15,10.17,15.22
2022,9,16,9.85,14.9
2022,9,17,9.39,14.44
2022,9,18,10.05,15.08
2022,9,19,9.91,14.94
2022,9,20,9.81,14.83
2022,9,21,8.84,13.86
2022,9,22,9.35,14.37
2022,9,23,9.35,14.37
2022,9,24,8.62,13.63
2022,9,25,8.85,13.86
2022,9,26,8.67,13.68
2022,9,27,9.23,14.23
2022,9,28,9.12,14.12
2022,9,29,7.73,12.73
2022,9,30,9.05,14.05
2022,10,1,7.72,12.72
2022,10,2,8.25,13.25
2022,10,3,8.11,13.11
2022,10,4,7.29,12.29
2022,10,5,7.68,12.68
2022,10,6,7.33,12.34
2022,10,7,7.43,12.44
2022,10,8,7.18,12.19
2022,10,9,7.38,12.4
2022,10,10,6.86,11.88
2022,10,11,6.64,11.66
2022,10,12,6.95,11.97
2022,10,13,6.63,11.67
2022,10,14,6.55,11.59
2022,10,15,5.93,10.98
2022,10,16,5.67,10.72
2022,10,17,5.7,10.76
2022,10,18,5.56,10.62
2022,10,19,5.92,10.99
2022,10,20,5.86,10.94
2022,10,21,5.33,10.42
2022,10,22,5.76,10.86
2022,10,23,5.61,10.72
2022,10,24,5.09,10.21
2022,10,25,4.59,9.72
2022,10,26,5.3,10.44
2022,10,27,4.61,9.76
2022,10,28,4.55,9.71
2022,10,29,4.27,9.44
2022,10,30,3.95,9.14
2022,10,31,3.63,8.83
2022,11,1,4.25,9.46
2022,11,2,3.63,8.86
2022,11,3,4.86,10.1
2022,11,4,3.3,8.55
2022,11,5,3.12,8.39
2022,11,6,3.63,8.91
2022,11,7,3.87,9.17
2022,11,8,3.25,8.56
2022,11,9,3.32,8.65
2022,11,10,2.37,7.71
2022,11,11,2.67,8.03
2022,11,12,2.43,7.8
2022,11,13,2.04,7.43
2022,11,14,2.64,8.05
2022,11,15,1.71,7.14
2022,11,16,1.94,7.38
2022,11,17,2.11,7.58
2022,11,18,1.92,7.4
2022,11,19,2.25,7.75
2022,11,20,2.13,7.65
2022,11,21,2.24,7.79
2022,11,22,2.11,7.67
2022,11,23,2.16,7.74
2022,11,24,1.67,7.27
2022,11,25,1.69,7.32
2022,11,26,1.69,7.33
2022,11,27,1.48,7.14
2022,11,28,1.21,6.9
2022,11,29,1.16,6.87
2022,11,30,0.92,6.65
2022,12,1,1.28,7.03
2022,12,2,1.03,6.8
2022,12,3,0.76,6.56
2022,12,4,0.69,6.52
2022,12,5,0.44,6.28
2022,12,6,1.14,7.01
2022,12,7,0.77,6.66
2022,12,8,0.38,6.3
2022,12,9,0.91,6.85
2022,12,10,0.38,6.34
2022,12,11,0.03,6.02
2022,12,12,0.83,6.85
2022,12,13,0.24,6.28
2022,12,14,0.24,6.3
2022,12,15,0.36,6.44
2022,12,16,0.7,6.81
2022,12,17,0.27,6.41
2022,12,18,-0.19,5.97
2022,12,19,0.39,6.57
2022,12,20,-0.0,6.21
2022,12,21,0.8,7.03
2022,12,22,0.11,6.37
2022,12,23,-0.7,5.59
2022,12,24,0.19,6.5
2022,12,25,0.72,7.06
2022,12,26,0.58,6.94
2022,12,27,0.65,7.04
2022,12,28,-0.36,6.06
2022,12,29,0.31,6.75
2022,12,30,-0.27,6.19
2022,12,31,0.05,6.55
